Workbook

Sheet KPI目標說明
A1: 2024年度焚化廠維護管理KPI
E2: 宜蘭 | G2: 八里 | I2: 新店 | K2: 樹林 | M2: 台中 | O2: 鹿草 | Q2: 嘉義 | S2: 永康 | U2: 仁武
A3: KPI項目 | B3: 說明 | C3: 條件 | D3: 單位 | E3: 2024 target | F3: 2023 actual | G3: 2024 target | H3: 2023 actual | I3: 2024 target | J3: 2023 actual | K3: 2024 target | L3: 2023 actual | M3: 2024 target | N3: 2023 actual | O3: 2024 target | P3: 2023 actual | Q3: 2024 target | R3: 2023 actual | S3: 2024 target | T3: 2023 actual | U3: 2024 target | V3: 2023 actual
A4: 重複性故障 | B4: 設備發生相同故障原因之重複工單統計 | C4: ≦ | D4: 工單件數/月 | E4: 1 | G4: 5 | I4: 10 | K4: 25 | M4: 5 | O4: 10 | Q4: 2 | S4: 6 | U4: 25
A5: 逾期工單 | B5: 每月派工單逾期完工比例 | C5: ≦ | D5: % | E5: 0.1 | G5: 0.05 | I5: 0.1 | K5: 0.1 | M5: 0.1 | O5: 0.05 | Q5: 0.03 | S5: 0.05 | U5: 0.1
A6: 預防矯正改善 | B6: 針對重複故障所進行的設備保養維護或改善工單統計 | C6: ≧ | D6: 工單件數/月 | E6: 12 | G6: 12 | I6: 12 | K6: 12 | M6: 12 | O6: 12 | Q6: 12 | S6: 12 | U6: 12
A7: 故障維修工時 | B7: 每月故障維修類別之派工單工時統計 | C7: ≦ | D7: 維修工時/月 | E7: 25 | G7: 180 | I7: 250 | K7: 450 | M7: 340 | O7: 220 | Q7: 70 | S7: 200 | U7: 450
A8: 故障停機時數 | B8: 每月故障維修類別之派工單停機時數統計 | C8: ≦ | D8: 停機時數/月 | E8: 40 | G8: 150 | I8: 300 | K8: 500 | M8: 320 | O8: 240 | Q8: 28 | S8: 300 | U8: 500
A9: MTTF | B9: MTTF<30天未達標設備之數量統計 | C9: ≦ | D9: 設備數/月 | E9: 1 | G9: 1 | I9: 1 | K9: 1 | M9: 1 | O9: 1 | Q9: 1 | S9: 1 | U9: 1
A10: 妥善率 | B10: 妥善率未達99%之設備數量統計 | C10: ≦ | D10: 設備數/月 | E10: 1 | G10: 1 | I10: 1 | K10: 1 | M10: 1 | O10: 1 | Q10: 1 | S10: 1 | U10: 1
A11: 結單率 | B11: 每月工單開立數量與完工數量之比 | C11: ≧ | D11: % | E11: 1 | G11: 1 | I11: 1 | K11: 1 | M11: 1 | O11: 1 | Q11: 1 | S11: 1 | U11: 1
A14: 說明：
B15: 1.設備MTTF、妥善率以進行年度歸零重新開始計算
B16: 2.2024KPI目標依照各廠2023 Actual進行調整
B17: 3.預防矯正改善調整為12件/月

Sheet Jan
A1: KPI項目 | C1: 宜蘭 | D1: 八里 | E1: 新店 | F1: 樹林 | G1: 台中 | H1: 鹿草 | I1: 嘉義 | J1: 永康 | K1: 仁武
A2: Actual | B2: 重複性故障
B3: 逾期工單
B4: 預防矯正改善
B5: 故障維修工時
B6: 故障停機時數
B7: MTTF
B8: 妥善率
B9: 結單率
A10: Target MTD | B10: 重複性故障 | C10: =KPI目標說明!E4 -> 1 | D10: =KPI目標說明!G4 -> 5 | E10: =KPI目標說明!I4 -> 10 | F10: =KPI目標說明!K4 -> 25 | G10: =KPI目標說明!M4 -> 5 | H10: =KPI目標說明!O4 -> 10 | I10: =KPI目標說明!Q4 -> 2 | J10: =KPI目標說明!S4 -> 6 | K10: =KPI目標說明!U4 -> 25
B11: 逾期工單 | C11: =KPI目標說明!E5 -> 0.1 | D11: =KPI目標說明!G5 -> 0.05 | E11: =KPI目標說明!I5 -> 0.1 | F11: =KPI目標說明!K5 -> 0.1 | G11: =KPI目標說明!M5 -> 0.1 | H11: =KPI目標說明!O5 -> 0.05 | I11: =KPI目標說明!Q5 -> 0.03 | J11: =KPI目標說明!S5 -> 0.05 | K11: =KPI目標說明!U5 -> 0.1
B12: 預防矯正改善 | C12: =KPI目標說明!E6 -> 12 | D12: =KPI目標說明!G6 -> 12 | E12: =KPI目標說明!I6 -> 12 | F12: =KPI目標說明!K6 -> 12 | G12: =KPI目標說明!M6 -> 12 | H12: =KPI目標說明!O6 -> 12 | I12: =KPI目標說明!Q6 -> 12 | J12: =KPI目標說明!S6 -> 12 | K12: =KPI目標說明!U6 -> 12
B13: 故障維修工時 | C13: =KPI目標說明!E7 -> 25 | D13: =KPI目標說明!G7 -> 180 | E13: =KPI目標說明!I7 -> 250 | F13: =KPI目標說明!K7 -> 450 | G13: =KPI目標說明!M7 -> 340 | H13: =KPI目標說明!O7 -> 220 | I13: =KPI目標說明!Q7 -> 70 | J13: =KPI目標說明!S7 -> 200 | K13: =KPI目標說明!U7 -> 450
B14: 故障停機時數 | C14: =KPI目標說明!E8 -> 40 | D14: =KPI目標說明!G8 -> 150 | E14: =KPI目標說明!I8 -> 300 | F14: =KPI目標說明!K8 -> 500 | G14: =KPI目標說明!M8 -> 320 | H14: =KPI目標說明!O8 -> 240 | I14: =KPI目標說明!Q8 -> 28 | J14: =KPI目標說明!S8 -> 300 | K14: =KPI目標說明!U8 -> 500
B15: MTTF | C15: =KPI目標說明!E9 -> 1 | D15: =KPI目標說明!G9 -> 1 | E15: =KPI目標說明!I9 -> 1 | F15: =KPI目標說明!K9 -> 1 | G15: =KPI目標說明!M9 -> 1 | H15: =KPI目標說明!O9 -> 1 | I15: =KPI目標說明!Q9 -> 1 | J15: =KPI目標說明!S9 -> 1 | K15: =KPI目標說明!U9 -> 1
B16: 妥善率 | C16: =KPI目標說明!E10 -> 1 | D16: =KPI目標說明!G10 -> 1 | E16: =KPI目標說明!I10 -> 1 | F16: =KPI目標說明!K10 -> 1 | G16: =KPI目標說明!M10 -> 1 | H16: =KPI目標說明!O10 -> 1 | I16: =KPI目標說明!Q10 -> 1 | J16: =KPI目標說明!S10 -> 1 | K16: =KPI目標說明!U10 -> 1
B17: 結單率 | C17: =KPI目標說明!$E$11 -> 1 | D17: =KPI目標說明!$G$11 -> 1 | E17: =KPI目標說明!$I$11 -> 1 | F17: =KPI目標說明!$K$11 -> 1 | G17: =KPI目標說明!$M$11 -> 1 | H17: =KPI目標說明!$O$11 -> 1 | I17: =KPI目標說明!$Q$11 -> 1 | J17: =KPI目標說明!$S$11 -> 1 | K17: =KPI目標說明!U11 -> 1
A18: Act vs. Target MTD Variance | B18: 重複性故障 | C18: =C2-C10 -> -1 | D18: =D2-D10 -> -5 | E18: =E2-E10 -> -10 | F18: =F2-F10 -> -25 | G18: =G2-G10 -> -5 | H18: =H2-H10 -> -10 | I18: =I2-I10 -> -2 | J18: =J2-J10 -> -6 | K18: =K2-K10 -> -25
B19: 逾期工單 | C19: =C3-C11 -> -0.1 | D19: =D3-D11 -> -0.05 | E19: =E3-E11 -> -0.1 | F19: =F3-F11 -> -0.1 | G19: =G3-G11 -> -0.1 | H19: =H3-H11 -> -0.05 | I19: =I3-I11 -> -0.03 | J19: =J3-J11 -> -0.05 | K19: =K3-K11 -> -0.1
B20: 預防矯正改善 | C20: =C4-C12 -> -12 | D20: =D4-D12 -> -12 | E20: =E4-E12 -> -12 | F20: =F4-F12 -> -12 | G20: =G4-G12 -> -12 | H20: =H4-H12 -> -12 | I20: =I4-I12 -> -12 | J20: =J4-J12 -> -12 | K20: =K4-K12 -> -12
B21: 故障維修工時 | C21: =C5-C13 -> -25 | D21: =D5-D13 -> -180 | E21: =E5-E13 -> -250 | F21: =F5-F13 -> -450 | G21: =G5-G13 -> -340 | H21: =H5-H13 -> -220 | I21: =I5-I13 -> -70 | J21: =J5-J13 -> -200 | K21: =K5-K13 -> -450
B22: 故障停機時數 | C22: =C6-C14 -> -40 | D22: =D6-D14 -> -150 | E22: =E6-E14 -> -300 | F22: =F6-F14 -> -500 | G22: =G6-G14 -> -320 | H22: =H6-H14 -> -240 | I22: =I6-I14 -> -28 | J22: =J6-J14 -> -300 | K22: =K6-K14 -> -500
B23: MTTF | C23: =C7-C15 -> -1 | D23: =D7-D15 -> -1 | E23: =E7-E15 -> -1 | F23: =F7-F15 -> -1 | G23: =G7-G15 -> -1 | H23: =H7-H15 -> -1 | I23: =I7-I15 -> -1 | J23: =J7-J15 -> -1 | K23: =K7-K15 -> -1
B24: 妥善率 | C24: =C8-C16 -> -1 | D24: =D8-D16 -> -1 | E24: =E8-E16 -> -1 | F24: =F8-F16 -> -1 | G24: =G8-G16 -> -1 | H24: =H8-H16 -> -1 | I24: =I8-I16 -> -1 | J24: =J8-J16 -> -1 | K24: =K8-K16 -> -1
B25: 結單率 | C25: =C9-C17 -> -1 | D25: =D9-D17 -> -1 | E25: =E9-E17 -> -1 | F25: =F9-F17 -> -1 | G25: =G9-G17 -> -1 | H25: =H9-H17 -> -1 | I25: =I9-I17 -> -1 | J25: =J9-J17 -> -1 | K25: =K9-K17 -> -1
A26: 未達目標說明
A27: 重複性故障 | B27: 設備發生相同故障原因之重複工單統計
A28: 逾期工單 | B28: 每月派工單逾期完工統計
A29: 預防矯正改善 | B29: 針對重複故障所進行的設備保養維護或改善工單統計
A30: 故障維修工時 | B30: 每月故障維修類別之派工單工時統計
A31: 故障停機時數 | B31: 每月故障維修類別之派工單停機時數統計
A32: MTTF | B32: MTTF<30天未達標設備之數量統計
A33: 妥善率 | B33: 妥善率未達99%之設備數量統計
A34: 結單率 | B34: 每月工單開立數量與完工數量之比

Sheet Feb
A1: KPI項目 | C1: 宜蘭 | D1: 八里 | E1: 新店 | F1: 樹林 | G1: 台中 | H1: 鹿草 | I1: 嘉義 | J1: 永康 | K1: 仁武
A2: Actual | B2: 重複性故障
B3: 逾期工單
B4: 預防矯正改善
B5: 故障維修工時
B6: 故障停機時數
B7: MTTF
B8: 妥善率
B9: 結單率
A10: Target MTD | B10: 重複性故障 | C10: =KPI目標說明!E4 -> 1 | D10: =KPI目標說明!G4 -> 5 | E10: =KPI目標說明!I4 -> 10 | F10: =KPI目標說明!K4 -> 25 | G10: =KPI目標說明!M4 -> 5 | H10: =KPI目標說明!O4 -> 10 | I10: =KPI目標說明!Q4 -> 2 | J10: =KPI目標說明!S4 -> 6 | K10: =KPI目標說明!U4 -> 25
B11: 逾期工單 | C11: =KPI目標說明!E5 -> 0.1 | D11: =KPI目標說明!G5 -> 0.05 | E11: =KPI目標說明!I5 -> 0.1 | F11: =KPI目標說明!K5 -> 0.1 | G11: =KPI目標說明!M5 -> 0.1 | H11: =KPI目標說明!O5 -> 0.05 | I11: =KPI目標說明!Q5 -> 0.03 | J11: =KPI目標說明!S5 -> 0.05 | K11: =KPI目標說明!U5 -> 0.1
B12: 預防矯正改善 | C12: =KPI目標說明!E6 -> 12 | D12: =KPI目標說明!G6 -> 12 | E12: =KPI目標說明!I6 -> 12 | F12: =KPI目標說明!K6 -> 12 | G12: =KPI目標說明!M6 -> 12 | H12: =KPI目標說明!O6 -> 12 | I12: =KPI目標說明!Q6 -> 12 | J12: =KPI目標說明!S6 -> 12 | K12: =KPI目標說明!U6 -> 12
B13: 故障維修工時 | C13: =KPI目標說明!E7 -> 25 | D13: =KPI目標說明!G7 -> 180 | E13: =KPI目標說明!I7 -> 250 | F13: =KPI目標說明!K7 -> 450 | G13: =KPI目標說明!M7 -> 340 | H13: =KPI目標說明!O7 -> 220 | I13: =KPI目標說明!Q7 -> 70 | J13: =KPI目標說明!S7 -> 200 | K13: =KPI目標說明!U7 -> 450
B14: 故障停機時數 | C14: =KPI目標說明!E8 -> 40 | D14: =KPI目標說明!G8 -> 150 | E14: =KPI目標說明!I8 -> 300 | F14: =KPI目標說明!K8 -> 500 | G14: =KPI目標說明!M8 -> 320 | H14: =KPI目標說明!O8 -> 240 | I14: =KPI目標說明!Q8 -> 28 | J14: =KPI目標說明!S8 -> 300 | K14: =KPI目標說明!U8 -> 500
B15: MTTF | C15: =KPI目標說明!E9 -> 1 | D15: =KPI目標說明!G9 -> 1 | E15: =KPI目標說明!I9 -> 1 | F15: =KPI目標說明!K9 -> 1 | G15: =KPI目標說明!M9 -> 1 | H15: =KPI目標說明!O9 -> 1 | I15: =KPI目標說明!Q9 -> 1 | J15: =KPI目標說明!S9 -> 1 | K15: =KPI目標說明!U9 -> 1
B16: 妥善率 | C16: =KPI目標說明!E10 -> 1 | D16: =KPI目標說明!G10 -> 1 | E16: =KPI目標說明!I10 -> 1 | F16: =KPI目標說明!K10 -> 1 | G16: =KPI目標說明!M10 -> 1 | H16: =KPI目標說明!O10 -> 1 | I16: =KPI目標說明!Q10 -> 1 | J16: =KPI目標說明!S10 -> 1 | K16: =KPI目標說明!U10 -> 1
B17: 結單率 | C17: =KPI目標說明!$E$11 -> 1 | D17: =KPI目標說明!$G$11 -> 1 | E17: =KPI目標說明!$I$11 -> 1 | F17: =KPI目標說明!$K$11 -> 1 | G17: =KPI目標說明!$M$11 -> 1 | H17: =KPI目標說明!$O$11 -> 1 | I17: =KPI目標說明!$Q$11 -> 1 | J17: =KPI目標說明!$S$11 -> 1 | K17: =KPI目標說明!U11 -> 1
A18: Act vs. Target MTD Variance | B18: 重複性故障 | C18: =C2-C10 -> -1 | D18: =D2-D10 -> -5 | E18: =E2-E10 -> -10 | F18: =F2-F10 -> -25 | G18: =G2-G10 -> -5 | H18: =H2-H10 -> -10 | I18: =I2-I10 -> -2 | J18: =J2-J10 -> -6 | K18: =K2-K10 -> -25
B19: 逾期工單 | C19: =C3-C11 -> -0.1 | D19: =D3-D11 -> -0.05 | E19: =E3-E11 -> -0.1 | F19: =F3-F11 -> -0.1 | G19: =G3-G11 -> -0.1 | H19: =H3-H11 -> -0.05 | I19: =I3-I11 -> -0.03 | J19: =J3-J11 -> -0.05 | K19: =K3-K11 -> -0.1
B20: 預防矯正改善 | C20: =C4-C12 -> -12 | D20: =D4-D12 -> -12 | E20: =E4-E12 -> -12 | F20: =F4-F12 -> -12 | G20: =G4-G12 -> -12 | H20: =H4-H12 -> -12 | I20: =I4-I12 -> -12 | J20: =J4-J12 -> -12 | K20: =K4-K12 -> -12
B21: 故障維修工時 | C21: =C5-C13 -> -25 | D21: =D5-D13 -> -180 | E21: =E5-E13 -> -250 | F21: =F5-F13 -> -450 | G21: =G5-G13 -> -340 | H21: =H5-H13 -> -220 | I21: =I5-I13 -> -70 | J21: =J5-J13 -> -200 | K21: =K5-K13 -> -450
B22: 故障停機時數 | C22: =C6-C14 -> -40 | D22: =D6-D14 -> -150 | E22: =E6-E14 -> -300 | F22: =F6-F14 -> -500 | G22: =G6-G14 -> -320 | H22: =H6-H14 -> -240 | I22: =I6-I14 -> -28 | J22: =J6-J14 -> -300 | K22: =K6-K14 -> -500
B23: MTTF | C23: =C7-C15 -> -1 | D23: =D7-D15 -> -1 | E23: =E7-E15 -> -1 | F23: =F7-F15 -> -1 | G23: =G7-G15 -> -1 | H23: =H7-H15 -> -1 | I23: =I7-I15 -> -1 | J23: =J7-J15 -> -1 | K23: =K7-K15 -> -1
B24: 妥善率 | C24: =C8-C16 -> -1 | D24: =D8-D16 -> -1 | E24: =E8-E16 -> -1 | F24: =F8-F16 -> -1 | G24: =G8-G16 -> -1 | H24: =H8-H16 -> -1 | I24: =I8-I16 -> -1 | J24: =J8-J16 -> -1 | K24: =K8-K16 -> -1
B25: 結單率 | C25: =C9-C17 -> -1 | D25: =D9-D17 -> -1 | E25: =E9-E17 -> -1 | F25: =F9-F17 -> -1 | G25: =G9-G17 -> -1 | H25: =H9-H17 -> -1 | I25: =I9-I17 -> -1 | J25: =J9-J17 -> -1 | K25: =K9-K17 -> -1
A26: 未達目標說明
A27: 重複性故障 | B27: 設備發生相同故障原因之重複工單統計
A28: 逾期工單 | B28: 每月派工單逾期完工統計
A29: 預防矯正改善 | B29: 針對重複故障所進行的設備保養維護或改善工單統計
A30: 故障維修工時 | B30: 每月故障維修類別之派工單工時統計
A31: 故障停機時數 | B31: 每月故障維修類別之派工單停機時數統計
A32: MTTF | B32: MTTF<30天未達標設備之數量統計
A33: 妥善率 | B33: 妥善率未達99%之設備數量統計
A34: 結單率 | B34: 每月工單開立數量與完工數量之比

Sheet Mar
A1: KPI項目 | C1: 宜蘭 | D1: 八里 | E1: 新店 | F1: 樹林 | G1: 台中 | H1: 鹿草 | I1: 嘉義 | J1: 永康 | K1: 仁武
A2: Actual | B2: 重複性故障
B3: 逾期工單
B4: 預防矯正改善
B5: 故障維修工時
B6: 故障停機時數
B7: MTTF
B8: 妥善率
B9: 結單率 | D9: 1.13
A10: Target MTD | B10: 重複性故障 | C10: =KPI目標說明!E4 -> 1 | D10: =KPI目標說明!G4 -> 5 | E10: =KPI目標說明!I4 -> 10 | F10: =KPI目標說明!K4 -> 25 | G10: =KPI目標說明!M4 -> 5 | H10: =KPI目標說明!O4 -> 10 | I10: =KPI目標說明!Q4 -> 2 | J10: =KPI目標說明!S4 -> 6 | K10: =KPI目標說明!U4 -> 25
B11: 逾期工單 | C11: =KPI目標說明!E5 -> 0.1 | D11: =KPI目標說明!G5 -> 0.05 | E11: =KPI目標說明!I5 -> 0.1 | F11: =KPI目標說明!K5 -> 0.1 | G11: =KPI目標說明!M5 -> 0.1 | H11: =KPI目標說明!O5 -> 0.05 | I11: =KPI目標說明!Q5 -> 0.03 | J11: =KPI目標說明!S5 -> 0.05 | K11: =KPI目標說明!U5 -> 0.1
B12: 預防矯正改善 | C12: =KPI目標說明!E6 -> 12 | D12: =KPI目標說明!G6 -> 12 | E12: =KPI目標說明!I6 -> 12 | F12: =KPI目標說明!K6 -> 12 | G12: =KPI目標說明!M6 -> 12 | H12: =KPI目標說明!O6 -> 12 | I12: =KPI目標說明!Q6 -> 12 | J12: =KPI目標說明!S6 -> 12 | K12: =KPI目標說明!U6 -> 12
B13: 故障維修工時 | C13: =KPI目標說明!E7 -> 25 | D13: =KPI目標說明!G7 -> 180 | E13: =KPI目標說明!I7 -> 250 | F13: =KPI目標說明!K7 -> 450 | G13: =KPI目標說明!M7 -> 340 | H13: =KPI目標說明!O7 -> 220 | I13: =KPI目標說明!Q7 -> 70 | J13: =KPI目標說明!S7 -> 200 | K13: =KPI目標說明!U7 -> 450
B14: 故障停機時數 | C14: =KPI目標說明!E8 -> 40 | D14: =KPI目標說明!G8 -> 150 | E14: =KPI目標說明!I8 -> 300 | F14: =KPI目標說明!K8 -> 500 | G14: =KPI目標說明!M8 -> 320 | H14: =KPI目標說明!O8 -> 240 | I14: =KPI目標說明!Q8 -> 28 | J14: =KPI目標說明!S8 -> 300 | K14: =KPI目標說明!U8 -> 500
B15: MTTF | C15: =KPI目標說明!E9 -> 1 | D15: =KPI目標說明!G9 -> 1 | E15: =KPI目標說明!I9 -> 1 | F15: =KPI目標說明!K9 -> 1 | G15: =KPI目標說明!M9 -> 1 | H15: =KPI目標說明!O9 -> 1 | I15: =KPI目標說明!Q9 -> 1 | J15: =KPI目標說明!S9 -> 1 | K15: =KPI目標說明!U9 -> 1
B16: 妥善率 | C16: =KPI目標說明!E10 -> 1 | D16: =KPI目標說明!G10 -> 1 | E16: =KPI目標說明!I10 -> 1 | F16: =KPI目標說明!K10 -> 1 | G16: =KPI目標說明!M10 -> 1 | H16: =KPI目標說明!O10 -> 1 | I16: =KPI目標說明!Q10 -> 1 | J16: =KPI目標說明!S10 -> 1 | K16: =KPI目標說明!U10 -> 1
B17: 結單率 | C17: =KPI目標說明!$E$11 -> 1 | D17: =KPI目標說明!$G$11 -> 1 | E17: =KPI目標說明!$I$11 -> 1 | F17: =KPI目標說明!$K$11 -> 1 | G17: =KPI目標說明!$M$11 -> 1 | H17: =KPI目標說明!$O$11 -> 1 | I17: =KPI目標說明!$Q$11 -> 1 | J17: =KPI目標說明!$S$11 -> 1 | K17: =KPI目標說明!U11 -> 1
A18: Act vs. Target MTD Variance | B18: 重複性故障 | C18: =C2-C10 -> -1 | D18: =D2-D10 -> -5 | E18: =E2-E10 -> -10 | F18: =F2-F10 -> -25 | G18: =G2-G10 -> -5 | H18: =H2-H10 -> -10 | I18: =I2-I10 -> -2 | J18: =J2-J10 -> -6 | K18: =K2-K10 -> -25
B19: 逾期工單 | C19: =C3-C11 -> -0.1 | D19: =D3-D11 -> -0.05 | E19: =E3-E11 -> -0.1 | F19: =F3-F11 -> -0.1 | G19: =G3-G11 -> -0.1 | H19: =H3-H11 -> -0.05 | I19: =I3-I11 -> -0.03 | J19: =J3-J11 -> -0.05 | K19: =K3-K11 -> -0.1
B20: 預防矯正改善 | C20: =C4-C12 -> -12 | D20: =D4-D12 -> -12 | E20: =E4-E12 -> -12 | F20: =F4-F12 -> -12 | G20: =G4-G12 -> -12 | H20: =H4-H12 -> -12 | I20: =I4-I12 -> -12 | J20: =J4-J12 -> -12 | K20: =K4-K12 -> -12
B21: 故障維修工時 | C21: =C5-C13 -> -25 | D21: =D5-D13 -> -180 | E21: =E5-E13 -> -250 | F21: =F5-F13 -> -450 | G21: =G5-G13 -> -340 | H21: =H5-H13 -> -220 | I21: =I5-I13 -> -70 | J21: =J5-J13 -> -200 | K21: =K5-K13 -> -450
B22: 故障停機時數 | C22: =C6-C14 -> -40 | D22: =D6-D14 -> -150 | E22: =E6-E14 -> -300 | F22: =F6-F14 -> -500 | G22: =G6-G14 -> -320 | H22: =H6-H14 -> -240 | I22: =I6-I14 -> -28 | J22: =J6-J14 -> -300 | K22: =K6-K14 -> -500
B23: MTTF | C23: =C7-C15 -> -1 | D23: =D7-D15 -> -1 | E23: =E7-E15 -> -1 | F23: =F7-F15 -> -1 | G23: =G7-G15 -> -1 | H23: =H7-H15 -> -1 | I23: =I7-I15 -> -1 | J23: =J7-J15 -> -1 | K23: =K7-K15 -> -1
B24: 妥善率 | C24: =C8-C16 -> -1 | D24: =D8-D16 -> -1 | E24: =E8-E16 -> -1 | F24: =F8-F16 -> -1 | G24: =G8-G16 -> -1 | H24: =H8-H16 -> -1 | I24: =I8-I16 -> -1 | J24: =J8-J16 -> -1 | K24: =K8-K16 -> -1
B25: 結單率 | C25: =C9-C17 -> -1 | D25: =D9-D17 -> 0.13 | E25: =E9-E17 -> -1 | F25: =F9-F17 -> -1 | G25: =G9-G17 -> -1 | H25: =H9-H17 -> -1 | I25: =I9-I17 -> -1 | J25: =J9-J17 -> -1 | K25: =K9-K17 -> -1
A26: 未達目標說明
A27: 重複性故障 | B27: 設備發生相同故障原因之重複工單統計
A28: 逾期工單 | B28: 每月派工單逾期完工統計
A29: 預防矯正改善 | B29: 針對重複故障所進行的設備保養維護或改善工單統計
A30: 故障維修工時 | B30: 每月故障維修類別之派工單工時統計
A31: 故障停機時數 | B31: 每月故障維修類別之派工單停機時數統計
A32: MTTF | B32: MTTF<30天未達標設備之數量統計
A33: 妥善率 | B33: 妥善率未達99%之設備數量統計
A34: 結單率 | B34: 每月工單開立數量與完工數量之比

Sheet Apr
A1: KPI項目 | C1: 宜蘭 | D1: 八里 | E1: 新店 | F1: 樹林 | G1: 台中 | H1: 鹿草 | I1: 嘉義 | J1: 永康 | K1: 仁武
A2: Actual | B2: 重複性故障 | C2: 0 | D2: 16 | E2: 26 | F2: 15 | G2: 4 | H2: =7/50 -> 0.14 | I2: 4 | J2: 63 | K2: 26
B3: 逾期工單 | C3: =1/6 -> 0.16666667 | D3: =32/78 -> 0.41025641 | E3: =28/125 -> 0.224 | F3: =5/56 -> 0.089285714 | G3: =5/150 -> 0.033333333 | H3: =3/15 -> 0.2 | I3: =3/24 -> 0.125 | J3: =27/105 -> 0.25714286 | K3: =56/78 -> 0.71794872
B4: 預防矯正改善 | C4: 9 | D4: 5 | E4: 26 | F4: 4 | G4: 6 | H4: 5 | I4: 5 | J4: 0 | K4: 3
B5: 故障維修工時 | C5: 27 | D5: 195 | E5: 292 | F5: 232 | G5: 239 | H5: 258 | I5: 20 | J5: 306 | K5: 150
B6: 故障停機時數 | C6: 11 | D6: 167 | E6: 879 | F6: 114 | G6: 0 | H6: 1610 | I6: 15 | J6: 9238 | K6: 786
B7: MTTF | C7: 0 | D7: 5 | E7: 7 | F7: 9 | G7: 3 | H7: 4 | I7: 1 | J7: 21 | K7: 3
B8: 妥善率 | C8: 0 | D8: 0 | E8: 2 | F8: 5 | G8: 0 | H8: 6 | I8: 0 | J8: 29 | K8: 1
B9: 結單率 | C9: 2.33 | D9: 0.95 | E9: 0.9 | F9: 1.14 | G9: 1 | H9: 0.94 | I9: 1 | J9: 1.08 | K9: 0.29
A10: Target MTD | B10: 重複性故障 | C10: =KPI目標說明!E4 -> 1 | D10: =KPI目標說明!G4 -> 5 | E10: =KPI目標說明!I4 -> 10 | F10: =KPI目標說明!K4 -> 25 | G10: =KPI目標說明!M4 -> 5 | H10: =KPI目標說明!O4 -> 10 | I10: =KPI目標說明!Q4 -> 2 | J10: =KPI目標說明!S4 -> 6 | K10: =KPI目標說明!U4 -> 25
B11: 逾期工單 | C11: =KPI目標說明!E5 -> 0.1 | D11: =KPI目標說明!G5 -> 0.05 | E11: =KPI目標說明!I5 -> 0.1 | F11: =KPI目標說明!K5 -> 0.1 | G11: =KPI目標說明!M5 -> 0.1 | H11: =KPI目標說明!O5 -> 0.05 | I11: =KPI目標說明!Q5 -> 0.03 | J11: =KPI目標說明!S5 -> 0.05 | K11: =KPI目標說明!U5 -> 0.1
B12: 預防矯正改善 | C12: =KPI目標說明!E6 -> 12 | D12: =KPI目標說明!G6 -> 12 | E12: =KPI目標說明!I6 -> 12 | F12: =KPI目標說明!K6 -> 12 | G12: =KPI目標說明!M6 -> 12 | H12: =KPI目標說明!O6 -> 12 | I12: =KPI目標說明!Q6 -> 12 | J12: =KPI目標說明!S6 -> 12 | K12: =KPI目標說明!U6 -> 12
B13: 故障維修工時 | C13: =KPI目標說明!E7 -> 25 | D13: =KPI目標說明!G7 -> 180 | E13: =KPI目標說明!I7 -> 250 | F13: =KPI目標說明!K7 -> 450 | G13: =KPI目標說明!M7 -> 340 | H13: =KPI目標說明!O7 -> 220 | I13: =KPI目標說明!Q7 -> 70 | J13: =KPI目標說明!S7 -> 200 | K13: =KPI目標說明!U7 -> 450
B14: 故障停機時數 | C14: =KPI目標說明!E8 -> 40 | D14: =KPI目標說明!G8 -> 150 | E14: =KPI目標說明!I8 -> 300 | F14: =KPI目標說明!K8 -> 500 | G14: =KPI目標說明!M8 -> 320 | H14: =KPI目標說明!O8 -> 240 | I14: =KPI目標說明!Q8 -> 28 | J14: =KPI目標說明!S8 -> 300 | K14: =KPI目標說明!U8 -> 500
B15: MTTF | C15: =KPI目標說明!E9 -> 1 | D15: =KPI目標說明!G9 -> 1 | E15: =KPI目標說明!I9 -> 1 | F15: =KPI目標說明!K9 -> 1 | G15: =KPI目標說明!M9 -> 1 | H15: =KPI目標說明!O9 -> 1 | I15: =KPI目標說明!Q9 -> 1 | J15: =KPI目標說明!S9 -> 1 | K15: =KPI目標說明!U9 -> 1
B16: 妥善率 | C16: =KPI目標說明!E10 -> 1 | D16: =KPI目標說明!G10 -> 1 | E16: =KPI目標說明!I10 -> 1 | F16: =KPI目標說明!K10 -> 1 | G16: =KPI目標說明!M10 -> 1 | H16: =KPI目標說明!O10 -> 1 | I16: =KPI目標說明!Q10 -> 1 | J16: =KPI目標說明!S10 -> 1 | K16: =KPI目標說明!U10 -> 1
B17: 結單率 | C17: =KPI目標說明!$E$11 -> 1 | D17: =KPI目標說明!$G$11 -> 1 | E17: =KPI目標說明!$I$11 -> 1 | F17: =KPI目標說明!$K$11 -> 1 | G17: =KPI目標說明!$M$11 -> 1 | H17: =KPI目標說明!$O$11 -> 1 | I17: =KPI目標說明!$Q$11 -> 1 | J17: =KPI目標說明!$S$11 -> 1 | K17: =KPI目標說明!U11 -> 1
A18: Act vs. Target MTD Variance | B18: 重複性故障 | C18: =C2-C10 -> -1 | D18: =D2-D10 -> 11 | E18: =E2-E10 -> 16 | F18: =F2-F10 -> -10 | G18: =G2-G10 -> -1 | H18: =H2-H10 -> -9.86 | I18: =I2-I10 -> 2 | J18: =J2-J10 -> 57 | K18: =K2-K10 -> 1
B19: 逾期工單 | C19: =C3-C11 -> 0.066666667 | D19: =D3-D11 -> 0.36025641 | E19: =E3-E11 -> 0.124 | F19: =F3-F11 -> -0.010714286 | G19: =G3-G11 -> -0.066666667 | H19: =H3-H11 -> 0.15 | I19: =I3-I11 -> 0.095 | J19: =J3-J11 -> 0.20714286 | K19: =K3-K11 -> 0.61794872
B20: 預防矯正改善 | C20: =C4-C12 -> -3 | D20: =D4-D12 -> -7 | E20: =E4-E12 -> 14 | F20: =F4-F12 -> -8 | G20: =G4-G12 -> -6 | H20: =H4-H12 -> -7 | I20: =I4-I12 -> -7 | J20: =J4-J12 -> -12 | K20: =K4-K12 -> -9
B21: 故障維修工時 | C21: =C5-C13 -> 2 | D21: =D5-D13 -> 15 | E21: =E5-E13 -> 42 | F21: =F5-F13 -> -218 | G21: =G5-G13 -> -101 | H21: =H5-H13 -> 38 | I21: =I5-I13 -> -50 | J21: =J5-J13 -> 106 | K21: =K5-K13 -> -300
B22: 故障停機時數 | C22: =C6-C14 -> -29 | D22: =D6-D14 -> 17 | E22: =E6-E14 -> 579 | F22: =F6-F14 -> -386 | G22: =G6-G14 -> -320 | H22: =H6-H14 -> 1370 | I22: =I6-I14 -> -13 | J22: =J6-J14 -> 8938 | K22: =K6-K14 -> 286
B23: MTTF | C23: =C7-C15 -> -1 | D23: =D7-D15 -> 4 | E23: =E7-E15 -> 6 | F23: =F7-F15 -> 8 | G23: =G7-G15 -> 2 | H23: =H7-H15 -> 3 | I23: =I7-I15 -> 0 | J23: =J7-J15 -> 20 | K23: =K7-K15 -> 2
B24: 妥善率 | C24: =C8-C16 -> -1 | D24: =D8-D16 -> -1 | E24: =E8-E16 -> 1 | F24: =F8-F16 -> 4 | G24: =G8-G16 -> -1 | H24: =H8-H16 -> 5 | I24: =I8-I16 -> -1 | J24: =J8-J16 -> 28 | K24: =K8-K16 -> 0
B25: 結單率 | C25: =C9-C17 -> 1.33 | D25: =D9-D17 -> -0.05 | E25: =E9-E17 -> -0.1 | F25: =F9-F17 -> 0.14 | G25: =G9-G17 -> 0 | H25: =H9-H17 -> -0.06 | I25: =I9-I17 -> 0 | J25: =J9-J17 -> 0.08 | K25: =K9-K17 -> -0.71
A26: 未達目標說明
A27: 重複性故障 | B27: 設備發生相同故障原因之重複工單統計
A28: 逾期工單 | B28: 每月派工單逾期完工統計
A29: 預防矯正改善 | B29: 針對重複故障所進行的設備保養維護或改善工單統計
A30: 故障維修工時 | B30: 每月故障維修類別之派工單工時統計
A31: 故障停機時數 | B31: 每月故障維修類別之派工單停機時數統計
A32: MTTF | B32: MTTF<30天未達標設備之數量統計
A33: 妥善率 | B33: 妥善率未達99%之設備數量統計
A34: 結單率 | B34: 每月工單開立數量與完工數量之比

Sheet May
A1: KPI項目 | C1: 宜蘭 | D1: 八里 | E1: 新店 | F1: 樹林 | G1: 台中 | H1: 鹿草 | I1: 嘉義 | J1: 永康 | K1: 仁武
A2: Actual | B2: 重複性故障
B3: 逾期工單
B4: 預防矯正改善
B5: 故障維修工時
B6: 故障停機時數
B7: MTTF
B8: 妥善率
B9: 結單率 | D9: 0.99
A10: Target MTD | B10: 重複性故障 | C10: =KPI目標說明!E4 -> 1 | D10: =KPI目標說明!G4 -> 5 | E10: =KPI目標說明!I4 -> 10 | F10: =KPI目標說明!K4 -> 25 | G10: =KPI目標說明!M4 -> 5 | H10: =KPI目標說明!O4 -> 10 | I10: =KPI目標說明!Q4 -> 2 | J10: =KPI目標說明!S4 -> 6 | K10: =KPI目標說明!U4 -> 25
B11: 逾期工單 | C11: =KPI目標說明!E5 -> 0.1 | D11: =KPI目標說明!G5 -> 0.05 | E11: =KPI目標說明!I5 -> 0.1 | F11: =KPI目標說明!K5 -> 0.1 | G11: =KPI目標說明!M5 -> 0.1 | H11: =KPI目標說明!O5 -> 0.05 | I11: =KPI目標說明!Q5 -> 0.03 | J11: =KPI目標說明!S5 -> 0.05 | K11: =KPI目標說明!U5 -> 0.1
B12: 預防矯正改善 | C12: =KPI目標說明!E6 -> 12 | D12: =KPI目標說明!G6 -> 12 | E12: =KPI目標說明!I6 -> 12 | F12: =KPI目標說明!K6 -> 12 | G12: =KPI目標說明!M6 -> 12 | H12: =KPI目標說明!O6 -> 12 | I12: =KPI目標說明!Q6 -> 12 | J12: =KPI目標說明!S6 -> 12 | K12: =KPI目標說明!U6 -> 12
B13: 故障維修工時 | C13: =KPI目標說明!E7 -> 25 | D13: =KPI目標說明!G7 -> 180 | E13: =KPI目標說明!I7 -> 250 | F13: =KPI目標說明!K7 -> 450 | G13: =KPI目標說明!M7 -> 340 | H13: =KPI目標說明!O7 -> 220 | I13: =KPI目標說明!Q7 -> 70 | J13: =KPI目標說明!S7 -> 200 | K13: =KPI目標說明!U7 -> 450
B14: 故障停機時數 | C14: =KPI目標說明!E8 -> 40 | D14: =KPI目標說明!G8 -> 150 | E14: =KPI目標說明!I8 -> 300 | F14: =KPI目標說明!K8 -> 500 | G14: =KPI目標說明!M8 -> 320 | H14: =KPI目標說明!O8 -> 240 | I14: =KPI目標說明!Q8 -> 28 | J14: =KPI目標說明!S8 -> 300 | K14: =KPI目標說明!U8 -> 500
B15: MTTF | C15: =KPI目標說明!E9 -> 1 | D15: =KPI目標說明!G9 -> 1 | E15: =KPI目標說明!I9 -> 1 | F15: =KPI目標說明!K9 -> 1 | G15: =KPI目標說明!M9 -> 1 | H15: =KPI目標說明!O9 -> 1 | I15: =KPI目標說明!Q9 -> 1 | J15: =KPI目標說明!S9 -> 1 | K15: =KPI目標說明!U9 -> 1
B16: 妥善率 | C16: =KPI目標說明!E10 -> 1 | D16: =KPI目標說明!G10 -> 1 | E16: =KPI目標說明!I10 -> 1 | F16: =KPI目標說明!K10 -> 1 | G16: =KPI目標說明!M10 -> 1 | H16: =KPI目標說明!O10 -> 1 | I16: =KPI目標說明!Q10 -> 1 | J16: =KPI目標說明!S10 -> 1 | K16: =KPI目標說明!U10 -> 1
B17: 結單率 | C17: =KPI目標說明!$E$11 -> 1 | D17: =KPI目標說明!$G$11 -> 1 | E17: =KPI目標說明!$I$11 -> 1 | F17: =KPI目標說明!$K$11 -> 1 | G17: =KPI目標說明!$M$11 -> 1 | H17: =KPI目標說明!$O$11 -> 1 | I17: =KPI目標說明!$Q$11 -> 1 | J17: =KPI目標說明!$S$11 -> 1 | K17: =KPI目標說明!U11 -> 1
A18: Act vs. Target MTD Variance | B18: 重複性故障 | C18: =C2-C10 -> -1 | D18: =D2-D10 -> -5 | E18: =E2-E10 -> -10 | F18: =F2-F10 -> -25 | G18: =G2-G10 -> -5 | H18: =H2-H10 -> -10 | I18: =I2-I10 -> -2 | J18: =J2-J10 -> -6 | K18: =K2-K10 -> -25
B19: 逾期工單 | C19: =C3-C11 -> -0.1 | D19: =D3-D11 -> -0.05 | E19: =E3-E11 -> -0.1 | F19: =F3-F11 -> -0.1 | G19: =G3-G11 -> -0.1 | H19: =H3-H11 -> -0.05 | I19: =I3-I11 -> -0.03 | J19: =J3-J11 -> -0.05 | K19: =K3-K11 -> -0.1
B20: 預防矯正改善 | C20: =C4-C12 -> -12 | D20: =D4-D12 -> -12 | E20: =E4-E12 -> -12 | F20: =F4-F12 -> -12 | G20: =G4-G12 -> -12 | H20: =H4-H12 -> -12 | I20: =I4-I12 -> -12 | J20: =J4-J12 -> -12 | K20: =K4-K12 -> -12
B21: 故障維修工時 | C21: =C5-C13 -> -25 | D21: =D5-D13 -> -180 | E21: =E5-E13 -> -250 | F21: =F5-F13 -> -450 | G21: =G5-G13 -> -340 | H21: =H5-H13 -> -220 | I21: =I5-I13 -> -70 | J21: =J5-J13 -> -200 | K21: =K5-K13 -> -450
B22: 故障停機時數 | C22: =C6-C14 -> -40 | D22: =D6-D14 -> -150 | E22: =E6-E14 -> -300 | F22: =F6-F14 -> -500 | G22: =G6-G14 -> -320 | H22: =H6-H14 -> -240 | I22: =I6-I14 -> -28 | J22: =J6-J14 -> -300 | K22: =K6-K14 -> -500
B23: MTTF | C23: =C7-C15 -> -1 | D23: =D7-D15 -> -1 | E23: =E7-E15 -> -1 | F23: =F7-F15 -> -1 | G23: =G7-G15 -> -1 | H23: =H7-H15 -> -1 | I23: =I7-I15 -> -1 | J23: =J7-J15 -> -1 | K23: =K7-K15 -> -1
B24: 妥善率 | C24: =C8-C16 -> -1 | D24: =D8-D16 -> -1 | E24: =E8-E16 -> -1 | F24: =F8-F16 -> -1 | G24: =G8-G16 -> -1 | H24: =H8-H16 -> -1 | I24: =I8-I16 -> -1 | J24: =J8-J16 -> -1 | K24: =K8-K16 -> -1
B25: 結單率 | C25: =C9-C17 -> -1 | D25: =D9-D17 -> -0.01 | E25: =E9-E17 -> -1 | F25: =F9-F17 -> -1 | G25: =G9-G17 -> -1 | H25: =H9-H17 -> -1 | I25: =I9-I17 -> -1 | J25: =J9-J17 -> -1 | K25: =K9-K17 -> -1
A26: 未達目標說明
A27: 重複性故障 | B27: 設備發生相同故障原因之重複工單統計
A28: 逾期工單 | B28: 每月派工單逾期完工統計
A29: 預防矯正改善 | B29: 針對重複故障所進行的設備保養維護或改善工單統計
A30: 故障維修工時 | B30: 每月故障維修類別之派工單工時統計
A31: 故障停機時數 | B31: 每月故障維修類別之派工單停機時數統計
A32: MTTF | B32: MTTF<30天未達標設備之數量統計
A33: 妥善率 | B33: 妥善率未達99%之設備數量統計
A34: 結單率 | B34: 每月工單開立數量與完工數量之比

Sheet Jun
A1: KPI項目 | C1: 宜蘭 | D1: 八里 | E1: 新店 | F1: 樹林 | G1: 台中 | H1: 鹿草 | I1: 嘉義 | J1: 永康 | K1: 仁武
A2: Actual | B2: 重複性故障
B3: 逾期工單
B4: 預防矯正改善
B5: 故障維修工時
B6: 故障停機時數
B7: MTTF
B8: 妥善率
B9: 結單率 | D9: 0.93
A10: Target MTD | B10: 重複性故障 | C10: =KPI目標說明!E4 -> 1 | D10: =KPI目標說明!G4 -> 5 | E10: =KPI目標說明!I4 -> 10 | F10: =KPI目標說明!K4 -> 25 | G10: =KPI目標說明!M4 -> 5 | H10: =KPI目標說明!O4 -> 10 | I10: =KPI目標說明!Q4 -> 2 | J10: =KPI目標說明!S4 -> 6 | K10: =KPI目標說明!U4 -> 25
B11: 逾期工單 | C11: =KPI目標說明!E5 -> 0.1 | D11: =KPI目標說明!G5 -> 0.05 | E11: =KPI目標說明!I5 -> 0.1 | F11: =KPI目標說明!K5 -> 0.1 | G11: =KPI目標說明!M5 -> 0.1 | H11: =KPI目標說明!O5 -> 0.05 | I11: =KPI目標說明!Q5 -> 0.03 | J11: =KPI目標說明!S5 -> 0.05 | K11: =KPI目標說明!U5 -> 0.1
B12: 預防矯正改善 | C12: =KPI目標說明!E6 -> 12 | D12: =KPI目標說明!G6 -> 12 | E12: =KPI目標說明!I6 -> 12 | F12: =KPI目標說明!K6 -> 12 | G12: =KPI目標說明!M6 -> 12 | H12: =KPI目標說明!O6 -> 12 | I12: =KPI目標說明!Q6 -> 12 | J12: =KPI目標說明!S6 -> 12 | K12: =KPI目標說明!U6 -> 12
B13: 故障維修工時 | C13: =KPI目標說明!E7 -> 25 | D13: =KPI目標說明!G7 -> 180 | E13: =KPI目標說明!I7 -> 250 | F13: =KPI目標說明!K7 -> 450 | G13: =KPI目標說明!M7 -> 340 | H13: =KPI目標說明!O7 -> 220 | I13: =KPI目標說明!Q7 -> 70 | J13: =KPI目標說明!S7 -> 200 | K13: =KPI目標說明!U7 -> 450
B14: 故障停機時數 | C14: =KPI目標說明!E8 -> 40 | D14: =KPI目標說明!G8 -> 150 | E14: =KPI目標說明!I8 -> 300 | F14: =KPI目標說明!K8 -> 500 | G14: =KPI目標說明!M8 -> 320 | H14: =KPI目標說明!O8 -> 240 | I14: =KPI目標說明!Q8 -> 28 | J14: =KPI目標說明!S8 -> 300 | K14: =KPI目標說明!U8 -> 500
B15: MTTF | C15: =KPI目標說明!E9 -> 1 | D15: =KPI目標說明!G9 -> 1 | E15: =KPI目標說明!I9 -> 1 | F15: =KPI目標說明!K9 -> 1 | G15: =KPI目標說明!M9 -> 1 | H15: =KPI目標說明!O9 -> 1 | I15: =KPI目標說明!Q9 -> 1 | J15: =KPI目標說明!S9 -> 1 | K15: =KPI目標說明!U9 -> 1
B16: 妥善率 | C16: =KPI目標說明!E10 -> 1 | D16: =KPI目標說明!G10 -> 1 | E16: =KPI目標說明!I10 -> 1 | F16: =KPI目標說明!K10 -> 1 | G16: =KPI目標說明!M10 -> 1 | H16: =KPI目標說明!O10 -> 1 | I16: =KPI目標說明!Q10 -> 1 | J16: =KPI目標說明!S10 -> 1 | K16: =KPI目標說明!U10 -> 1
B17: 結單率 | C17: =KPI目標說明!$E$11 -> 1 | D17: =KPI目標說明!$G$11 -> 1 | E17: =KPI目標說明!$I$11 -> 1 | F17: =KPI目標說明!$K$11 -> 1 | G17: =KPI目標說明!$M$11 -> 1 | H17: =KPI目標說明!$O$11 -> 1 | I17: =KPI目標說明!$Q$11 -> 1 | J17: =KPI目標說明!$S$11 -> 1 | K17: =KPI目標說明!U11 -> 1
A18: Act vs. Target MTD Variance | B18: 重複性故障 | C18: =C2-C10 -> -1 | D18: =D2-D10 -> -5 | E18: =E2-E10 -> -10 | F18: =F2-F10 -> -25 | G18: =G2-G10 -> -5 | H18: =H2-H10 -> -10 | I18: =I2-I10 -> -2 | J18: =J2-J10 -> -6 | K18: =K2-K10 -> -25
B19: 逾期工單 | C19: =C3-C11 -> -0.1 | D19: =D3-D11 -> -0.05 | E19: =E3-E11 -> -0.1 | F19: =F3-F11 -> -0.1 | G19: =G3-G11 -> -0.1 | H19: =H3-H11 -> -0.05 | I19: =I3-I11 -> -0.03 | J19: =J3-J11 -> -0.05 | K19: =K3-K11 -> -0.1
B20: 預防矯正改善 | C20: =C4-C12 -> -12 | D20: =D4-D12 -> -12 | E20: =E4-E12 -> -12 | F20: =F4-F12 -> -12 | G20: =G4-G12 -> -12 | H20: =H4-H12 -> -12 | I20: =I4-I12 -> -12 | J20: =J4-J12 -> -12 | K20: =K4-K12 -> -12
B21: 故障維修工時 | C21: =C5-C13 -> -25 | D21: =D5-D13 -> -180 | E21: =E5-E13 -> -250 | F21: =F5-F13 -> -450 | G21: =G5-G13 -> -340 | H21: =H5-H13 -> -220 | I21: =I5-I13 -> -70 | J21: =J5-J13 -> -200 | K21: =K5-K13 -> -450
B22: 故障停機時數 | C22: =C6-C14 -> -40 | D22: =D6-D14 -> -150 | E22: =E6-E14 -> -300 | F22: =F6-F14 -> -500 | G22: =G6-G14 -> -320 | H22: =H6-H14 -> -240 | I22: =I6-I14 -> -28 | J22: =J6-J14 -> -300 | K22: =K6-K14 -> -500
B23: MTTF | C23: =C7-C15 -> -1 | D23: =D7-D15 -> -1 | E23: =E7-E15 -> -1 | F23: =F7-F15 -> -1 | G23: =G7-G15 -> -1 | H23: =H7-H15 -> -1 | I23: =I7-I15 -> -1 | J23: =J7-J15 -> -1 | K23: =K7-K15 -> -1
B24: 妥善率 | C24: =C8-C16 -> -1 | D24: =D8-D16 -> -1 | E24: =E8-E16 -> -1 | F24: =F8-F16 -> -1 | G24: =G8-G16 -> -1 | H24: =H8-H16 -> -1 | I24: =I8-I16 -> -1 | J24: =J8-J16 -> -1 | K24: =K8-K16 -> -1
B25: 結單率 | C25: =C9-C17 -> -1 | D25: =D9-D17 -> -0.07 | E25: =E9-E17 -> -1 | F25: =F9-F17 -> -1 | G25: =G9-G17 -> -1 | H25: =H9-H17 -> -1 | I25: =I9-I17 -> -1 | J25: =J9-J17 -> -1 | K25: =K9-K17 -> -1
A27: 重複性故障 | B27: 設備發生相同故障原因之重複工單統計
A28: 逾期工單 | B28: 每月派工單逾期完工統計
A29: 預防矯正改善 | B29: 針對重複故障所進行的設備保養維護或改善工單統計
A30: 故障維修工時 | B30: 每月故障維修類別之派工單工時統計
A31: 故障停機時數 | B31: 每月故障維修類別之派工單停機時數統計
A32: MTTF | B32: MTTF<30天未達標設備之數量統計
A33: 妥善率 | B33: 妥善率未達99%之設備數量統計
A34: 結單率 | B34: 每月工單開立數量與完工數量之比
A99: 33

Sheet Jul
A1: KPI項目 | C1: 宜蘭 | D1: 八里 | E1: 新店 | F1: 樹林 | G1: 台中 | H1: 鹿草 | I1: 嘉義 | J1: 永康 | K1: 仁武
A2: Actual | B2: 重複性故障
B3: 逾期工單
B4: 預防矯正改善
B5: 故障維修工時
B6: 故障停機時數
B7: MTTF
B8: 妥善率
B9: 結單率
A10: Target MTD | B10: 重複性故障 | C10: =KPI目標說明!E4 -> 1 | D10: =KPI目標說明!G4 -> 5 | E10: =KPI目標說明!I4 -> 10 | F10: =KPI目標說明!K4 -> 25 | G10: =KPI目標說明!M4 -> 5 | H10: =KPI目標說明!O4 -> 10 | I10: =KPI目標說明!Q4 -> 2 | J10: =KPI目標說明!S4 -> 6 | K10: =KPI目標說明!U4 -> 25
B11: 逾期工單 | C11: =KPI目標說明!E5 -> 0.1 | D11: =KPI目標說明!G5 -> 0.05 | E11: =KPI目標說明!I5 -> 0.1 | F11: =KPI目標說明!K5 -> 0.1 | G11: =KPI目標說明!M5 -> 0.1 | H11: =KPI目標說明!O5 -> 0.05 | I11: =KPI目標說明!Q5 -> 0.03 | J11: =KPI目標說明!S5 -> 0.05 | K11: =KPI目標說明!U5 -> 0.1
B12: 預防矯正改善 | C12: =KPI目標說明!E6 -> 12 | D12: =KPI目標說明!G6 -> 12 | E12: =KPI目標說明!I6 -> 12 | F12: =KPI目標說明!K6 -> 12 | G12: =KPI目標說明!M6 -> 12 | H12: =KPI目標說明!O6 -> 12 | I12: =KPI目標說明!Q6 -> 12 | J12: =KPI目標說明!S6 -> 12 | K12: =KPI目標說明!U6 -> 12
B13: 故障維修工時 | C13: =KPI目標說明!E7 -> 25 | D13: =KPI目標說明!G7 -> 180 | E13: =KPI目標說明!I7 -> 250 | F13: =KPI目標說明!K7 -> 450 | G13: =KPI目標說明!M7 -> 340 | H13: =KPI目標說明!O7 -> 220 | I13: =KPI目標說明!Q7 -> 70 | J13: =KPI目標說明!S7 -> 200 | K13: =KPI目標說明!U7 -> 450
B14: 故障停機時數 | C14: =KPI目標說明!E8 -> 40 | D14: =KPI目標說明!G8 -> 150 | E14: =KPI目標說明!I8 -> 300 | F14: =KPI目標說明!K8 -> 500 | G14: =KPI目標說明!M8 -> 320 | H14: =KPI目標說明!O8 -> 240 | I14: =KPI目標說明!Q8 -> 28 | J14: =KPI目標說明!S8 -> 300 | K14: =KPI目標說明!U8 -> 500
B15: MTTF | C15: =KPI目標說明!E9 -> 1 | D15: =KPI目標說明!G9 -> 1 | E15: =KPI目標說明!I9 -> 1 | F15: =KPI目標說明!K9 -> 1 | G15: =KPI目標說明!M9 -> 1 | H15: =KPI目標說明!O9 -> 1 | I15: =KPI目標說明!Q9 -> 1 | J15: =KPI目標說明!S9 -> 1 | K15: =KPI目標說明!U9 -> 1
B16: 妥善率 | C16: =KPI目標說明!E10 -> 1 | D16: =KPI目標說明!G10 -> 1 | E16: =KPI目標說明!I10 -> 1 | F16: =KPI目標說明!K10 -> 1 | G16: =KPI目標說明!M10 -> 1 | H16: =KPI目標說明!O10 -> 1 | I16: =KPI目標說明!Q10 -> 1 | J16: =KPI目標說明!S10 -> 1 | K16: =KPI目標說明!U10 -> 1
B17: 結單率 | C17: =KPI目標說明!$E$11 -> 1 | D17: =KPI目標說明!$G$11 -> 1 | E17: =KPI目標說明!$I$11 -> 1 | F17: =KPI目標說明!$K$11 -> 1 | G17: =KPI目標說明!$M$11 -> 1 | H17: =KPI目標說明!$O$11 -> 1 | I17: =KPI目標說明!$Q$11 -> 1 | J17: =KPI目標說明!$S$11 -> 1 | K17: =KPI目標說明!U11 -> 1
A18: Act vs. Target MTD Variance | B18: 重複性故障 | C18: =C2-C10 -> -1 | D18: =D2-D10 -> -5 | E18: =E2-E10 -> -10 | F18: =F2-F10 -> -25 | G18: =G2-G10 -> -5 | H18: =H2-H10 -> -10 | I18: =I2-I10 -> -2 | J18: =J2-J10 -> -6 | K18: =K2-K10 -> -25
B19: 逾期工單 | C19: =C3-C11 -> -0.1 | D19: =D3-D11 -> -0.05 | E19: =E3-E11 -> -0.1 | F19: =F3-F11 -> -0.1 | G19: =G3-G11 -> -0.1 | H19: =H3-H11 -> -0.05 | I19: =I3-I11 -> -0.03 | J19: =J3-J11 -> -0.05 | K19: =K3-K11 -> -0.1
B20: 預防矯正改善 | C20: =C4-C12 -> -12 | D20: =D4-D12 -> -12 | E20: =E4-E12 -> -12 | F20: =F4-F12 -> -12 | G20: =G4-G12 -> -12 | H20: =H4-H12 -> -12 | I20: =I4-I12 -> -12 | J20: =J4-J12 -> -12 | K20: =K4-K12 -> -12
B21: 故障維修工時 | C21: =C5-C13 -> -25 | D21: =D5-D13 -> -180 | E21: =E5-E13 -> -250 | F21: =F5-F13 -> -450 | G21: =G5-G13 -> -340 | H21: =H5-H13 -> -220 | I21: =I5-I13 -> -70 | J21: =J5-J13 -> -200 | K21: =K5-K13 -> -450
B22: 故障停機時數 | C22: =C6-C14 -> -40 | D22: =D6-D14 -> -150 | E22: =E6-E14 -> -300 | F22: =F6-F14 -> -500 | G22: =G6-G14 -> -320 | H22: =H6-H14 -> -240 | I22: =I6-I14 -> -28 | J22: =J6-J14 -> -300 | K22: =K6-K14 -> -500
B23: MTTF | C23: =C7-C15 -> -1 | D23: =D7-D15 -> -1 | E23: =E7-E15 -> -1 | F23: =F7-F15 -> -1 | G23: =G7-G15 -> -1 | H23: =H7-H15 -> -1 | I23: =I7-I15 -> -1 | J23: =J7-J15 -> -1 | K23: =K7-K15 -> -1
B24: 妥善率 | C24: =C8-C16 -> -1 | D24: =D8-D16 -> -1 | E24: =E8-E16 -> -1 | F24: =F8-F16 -> -1 | G24: =G8-G16 -> -1 | H24: =H8-H16 -> -1 | I24: =I8-I16 -> -1 | J24: =J8-J16 -> -1 | K24: =K8-K16 -> -1
B25: 結單率 | C25: =C9-C17 -> -1 | D25: =D9-D17 -> -1 | E25: =E9-E17 -> -1 | F25: =F9-F17 -> -1 | G25: =G9-G17 -> -1 | H25: =H9-H17 -> -1 | I25: =I9-I17 -> -1 | J25: =J9-J17 -> -1 | K25: =K9-K17 -> -1
A27: 重複性故障 | B27: 設備發生相同故障原因之重複工單統計
A28: 逾期工單 | B28: 每月派工單逾期完工統計
A29: 預防矯正改善 | B29: 針對重複故障所進行的設備保養維護或改善工單統計
A30: 故障維修工時 | B30: 每月故障維修類別之派工單工時統計
A31: 故障停機時數 | B31: 每月故障維修類別之派工單停機時數統計
A32: MTTF | B32: MTTF<30天未達標設備之數量統計
A33: 妥善率 | B33: 妥善率未達99%之設備數量統計
A34: 結單率 | B34: 每月工單開立數量與完工數量之比

Sheet Aug
A1: KPI項目 | C1: 宜蘭 | D1: 八里 | E1: 新店 | F1: 樹林 | G1: 台中 | H1: 鹿草 | I1: 嘉義 | J1: 永康 | K1: 仁武
A2: Actual | B2: 重複性故障
B3: 逾期工單
B4: 預防矯正改善
B5: 故障維修工時
B6: 故障停機時數
B7: MTTF
B8: 妥善率
B9: 結單率
A10: Target MTD | B10: 重複性故障 | C10: =KPI目標說明!E4 -> 1 | D10: =KPI目標說明!G4 -> 5 | E10: =KPI目標說明!I4 -> 10 | F10: =KPI目標說明!K4 -> 25 | G10: =KPI目標說明!M4 -> 5 | H10: =KPI目標說明!O4 -> 10 | I10: =KPI目標說明!Q4 -> 2 | J10: =KPI目標說明!S4 -> 6 | K10: =KPI目標說明!U4 -> 25
B11: 逾期工單 | C11: =KPI目標說明!E5 -> 0.1 | D11: =KPI目標說明!G5 -> 0.05 | E11: =KPI目標說明!I5 -> 0.1 | F11: =KPI目標說明!K5 -> 0.1 | G11: =KPI目標說明!M5 -> 0.1 | H11: =KPI目標說明!O5 -> 0.05 | I11: =KPI目標說明!Q5 -> 0.03 | J11: =KPI目標說明!S5 -> 0.05 | K11: =KPI目標說明!U5 -> 0.1
B12: 預防矯正改善 | C12: =KPI目標說明!E6 -> 12 | D12: =KPI目標說明!G6 -> 12 | E12: =KPI目標說明!I6 -> 12 | F12: =KPI目標說明!K6 -> 12 | G12: =KPI目標說明!M6 -> 12 | H12: =KPI目標說明!O6 -> 12 | I12: =KPI目標說明!Q6 -> 12 | J12: =KPI目標說明!S6 -> 12 | K12: =KPI目標說明!U6 -> 12
B13: 故障維修工時 | C13: =KPI目標說明!E7 -> 25 | D13: =KPI目標說明!G7 -> 180 | E13: =KPI目標說明!I7 -> 250 | F13: =KPI目標說明!K7 -> 450 | G13: =KPI目標說明!M7 -> 340 | H13: =KPI目標說明!O7 -> 220 | I13: =KPI目標說明!Q7 -> 70 | J13: =KPI目標說明!S7 -> 200 | K13: =KPI目標說明!U7 -> 450
B14: 故障停機時數 | C14: =KPI目標說明!E8 -> 40 | D14: =KPI目標說明!G8 -> 150 | E14: =KPI目標說明!I8 -> 300 | F14: =KPI目標說明!K8 -> 500 | G14: =KPI目標說明!M8 -> 320 | H14: =KPI目標說明!O8 -> 240 | I14: =KPI目標說明!Q8 -> 28 | J14: =KPI目標說明!S8 -> 300 | K14: =KPI目標說明!U8 -> 500
B15: MTTF | C15: =KPI目標說明!E9 -> 1 | D15: =KPI目標說明!G9 -> 1 | E15: =KPI目標說明!I9 -> 1 | F15: =KPI目標說明!K9 -> 1 | G15: =KPI目標說明!M9 -> 1 | H15: =KPI目標說明!O9 -> 1 | I15: =KPI目標說明!Q9 -> 1 | J15: =KPI目標說明!S9 -> 1 | K15: =KPI目標說明!U9 -> 1
B16: 妥善率 | C16: =KPI目標說明!E10 -> 1 | D16: =KPI目標說明!G10 -> 1 | E16: =KPI目標說明!I10 -> 1 | F16: =KPI目標說明!K10 -> 1 | G16: =KPI目標說明!M10 -> 1 | H16: =KPI目標說明!O10 -> 1 | I16: =KPI目標說明!Q10 -> 1 | J16: =KPI目標說明!S10 -> 1 | K16: =KPI目標說明!U10 -> 1
B17: 結單率 | C17: =KPI目標說明!$E$11 -> 1 | D17: =KPI目標說明!$G$11 -> 1 | E17: =KPI目標說明!$I$11 -> 1 | F17: =KPI目標說明!$K$11 -> 1 | G17: =KPI目標說明!$M$11 -> 1 | H17: =KPI目標說明!$O$11 -> 1 | I17: =KPI目標說明!$Q$11 -> 1 | J17: =KPI目標說明!$S$11 -> 1 | K17: =KPI目標說明!U11 -> 1
A18: Act vs. Target MTD Variance | B18: 重複性故障 | C18: =C2-C10 -> -1 | D18: =D2-D10 -> -5 | E18: =E2-E10 -> -10 | F18: =F2-F10 -> -25 | G18: =G2-G10 -> -5 | H18: =H2-H10 -> -10 | I18: =I2-I10 -> -2 | J18: =J2-J10 -> -6 | K18: =K2-K10 -> -25
B19: 逾期工單 | C19: =C3-C11 -> -0.1 | D19: =D3-D11 -> -0.05 | E19: =E3-E11 -> -0.1 | F19: =F3-F11 -> -0.1 | G19: =G3-G11 -> -0.1 | H19: =H3-H11 -> -0.05 | I19: =I3-I11 -> -0.03 | J19: =J3-J11 -> -0.05 | K19: =K3-K11 -> -0.1
B20: 預防矯正改善 | C20: =C4-C12 -> -12 | D20: =D4-D12 -> -12 | E20: =E4-E12 -> -12 | F20: =F4-F12 -> -12 | G20: =G4-G12 -> -12 | H20: =H4-H12 -> -12 | I20: =I4-I12 -> -12 | J20: =J4-J12 -> -12 | K20: =K4-K12 -> -12
B21: 故障維修工時 | C21: =C5-C13 -> -25 | D21: =D5-D13 -> -180 | E21: =E5-E13 -> -250 | F21: =F5-F13 -> -450 | G21: =G5-G13 -> -340 | H21: =H5-H13 -> -220 | I21: =I5-I13 -> -70 | J21: =J5-J13 -> -200 | K21: =K5-K13 -> -450
B22: 故障停機時數 | C22: =C6-C14 -> -40 | D22: =D6-D14 -> -150 | E22: =E6-E14 -> -300 | F22: =F6-F14 -> -500 | G22: =G6-G14 -> -320 | H22: =H6-H14 -> -240 | I22: =I6-I14 -> -28 | J22: =J6-J14 -> -300 | K22: =K6-K14 -> -500
B23: MTTF | C23: =C7-C15 -> -1 | D23: =D7-D15 -> -1 | E23: =E7-E15 -> -1 | F23: =F7-F15 -> -1 | G23: =G7-G15 -> -1 | H23: =H7-H15 -> -1 | I23: =I7-I15 -> -1 | J23: =J7-J15 -> -1 | K23: =K7-K15 -> -1
B24: 妥善率 | C24: =C8-C16 -> -1 | D24: =D8-D16 -> -1 | E24: =E8-E16 -> -1 | F24: =F8-F16 -> -1 | G24: =G8-G16 -> -1 | H24: =H8-H16 -> -1 | I24: =I8-I16 -> -1 | J24: =J8-J16 -> -1 | K24: =K8-K16 -> -1
B25: 結單率 | C25: =C9-C17 -> -1 | D25: =D9-D17 -> -1 | E25: =E9-E17 -> -1 | F25: =F9-F17 -> -1 | G25: =G9-G17 -> -1 | H25: =H9-H17 -> -1 | I25: =I9-I17 -> -1 | J25: =J9-J17 -> -1 | K25: =K9-K17 -> -1
A27: 重複性故障 | B27: 設備發生相同故障原因之重複工單統計
A28: 逾期工單 | B28: 每月派工單逾期完工統計
A29: 預防矯正改善 | B29: 針對重複故障所進行的設備保養維護或改善工單統計
A30: 故障維修工時 | B30: 每月故障維修類別之派工單工時統計
A31: 故障停機時數 | B31: 每月故障維修類別之派工單停機時數統計
A32: MTTF | B32: MTTF<30天未達標設備之數量統計
A33: 妥善率 | B33: 妥善率未達99%之設備數量統計
A34: 結單率 | B34: 每月工單開立數量與完工數量之比

Sheet Sep
A1: KPI項目 | C1: 宜蘭 | D1: 八里 | E1: 新店 | F1: 樹林 | G1: 台中 | H1: 鹿草 | I1: 嘉義 | J1: 永康 | K1: 仁武
A2: Actual | B2: 重複性故障
B3: 逾期工單
B4: 預防矯正改善
B5: 故障維修工時
B6: 故障停機時數
B7: MTTF
B8: 妥善率
B9: 結單率
A10: Target MTD | B10: 重複性故障 | C10: =KPI目標說明!E4 -> 1 | D10: =KPI目標說明!G4 -> 5 | E10: =KPI目標說明!I4 -> 10 | F10: =KPI目標說明!K4 -> 25 | G10: =KPI目標說明!M4 -> 5 | H10: =KPI目標說明!O4 -> 10 | I10: =KPI目標說明!Q4 -> 2 | J10: =KPI目標說明!S4 -> 6 | K10: =KPI目標說明!U4 -> 25
B11: 逾期工單 | C11: =KPI目標說明!E5 -> 0.1 | D11: =KPI目標說明!G5 -> 0.05 | E11: =KPI目標說明!I5 -> 0.1 | F11: =KPI目標說明!K5 -> 0.1 | G11: =KPI目標說明!M5 -> 0.1 | H11: =KPI目標說明!O5 -> 0.05 | I11: =KPI目標說明!Q5 -> 0.03 | J11: =KPI目標說明!S5 -> 0.05 | K11: =KPI目標說明!U5 -> 0.1
B12: 預防矯正改善 | C12: =KPI目標說明!E6 -> 12 | D12: =KPI目標說明!G6 -> 12 | E12: =KPI目標說明!I6 -> 12 | F12: =KPI目標說明!K6 -> 12 | G12: =KPI目標說明!M6 -> 12 | H12: =KPI目標說明!O6 -> 12 | I12: =KPI目標說明!Q6 -> 12 | J12: =KPI目標說明!S6 -> 12 | K12: =KPI目標說明!U6 -> 12
B13: 故障維修工時 | C13: =KPI目標說明!E7 -> 25 | D13: =KPI目標說明!G7 -> 180 | E13: =KPI目標說明!I7 -> 250 | F13: =KPI目標說明!K7 -> 450 | G13: =KPI目標說明!M7 -> 340 | H13: =KPI目標說明!O7 -> 220 | I13: =KPI目標說明!Q7 -> 70 | J13: =KPI目標說明!S7 -> 200 | K13: =KPI目標說明!U7 -> 450
B14: 故障停機時數 | C14: =KPI目標說明!E8 -> 40 | D14: =KPI目標說明!G8 -> 150 | E14: =KPI目標說明!I8 -> 300 | F14: =KPI目標說明!K8 -> 500 | G14: =KPI目標說明!M8 -> 320 | H14: =KPI目標說明!O8 -> 240 | I14: =KPI目標說明!Q8 -> 28 | J14: =KPI目標說明!S8 -> 300 | K14: =KPI目標說明!U8 -> 500
B15: MTTF | C15: =KPI目標說明!E9 -> 1 | D15: =KPI目標說明!G9 -> 1 | E15: =KPI目標說明!I9 -> 1 | F15: =KPI目標說明!K9 -> 1 | G15: =KPI目標說明!M9 -> 1 | H15: =KPI目標說明!O9 -> 1 | I15: =KPI目標說明!Q9 -> 1 | J15: =KPI目標說明!S9 -> 1 | K15: =KPI目標說明!U9 -> 1
B16: 妥善率 | C16: =KPI目標說明!E10 -> 1 | D16: =KPI目標說明!G10 -> 1 | E16: =KPI目標說明!I10 -> 1 | F16: =KPI目標說明!K10 -> 1 | G16: =KPI目標說明!M10 -> 1 | H16: =KPI目標說明!O10 -> 1 | I16: =KPI目標說明!Q10 -> 1 | J16: =KPI目標說明!S10 -> 1 | K16: =KPI目標說明!U10 -> 1
B17: 結單率 | C17: =KPI目標說明!$E$11 -> 1 | D17: =KPI目標說明!$G$11 -> 1 | E17: =KPI目標說明!$I$11 -> 1 | F17: =KPI目標說明!$K$11 -> 1 | G17: =KPI目標說明!$M$11 -> 1 | H17: =KPI目標說明!$O$11 -> 1 | I17: =KPI目標說明!$Q$11 -> 1 | J17: =KPI目標說明!$S$11 -> 1 | K17: =KPI目標說明!U11 -> 1
A18: Act vs. Target MTD Variance | B18: 重複性故障 | C18: =C2-C10 -> -1 | D18: =D2-D10 -> -5 | E18: =E2-E10 -> -10 | F18: =F2-F10 -> -25 | G18: =G2-G10 -> -5 | H18: =H2-H10 -> -10 | I18: =I2-I10 -> -2 | J18: =J2-J10 -> -6 | K18: =K2-K10 -> -25
B19: 逾期工單 | C19: =C3-C11 -> -0.1 | D19: =D3-D11 -> -0.05 | E19: =E3-E11 -> -0.1 | F19: =F3-F11 -> -0.1 | G19: =G3-G11 -> -0.1 | H19: =H3-H11 -> -0.05 | I19: =I3-I11 -> -0.03 | J19: =J3-J11 -> -0.05 | K19: =K3-K11 -> -0.1
B20: 預防矯正改善 | C20: =C4-C12 -> -12 | D20: =D4-D12 -> -12 | E20: =E4-E12 -> -12 | F20: =F4-F12 -> -12 | G20: =G4-G12 -> -12 | H20: =H4-H12 -> -12 | I20: =I4-I12 -> -12 | J20: =J4-J12 -> -12 | K20: =K4-K12 -> -12
B21: 故障維修工時 | C21: =C5-C13 -> -25 | D21: =D5-D13 -> -180 | E21: =E5-E13 -> -250 | F21: =F5-F13 -> -450 | G21: =G5-G13 -> -340 | H21: =H5-H13 -> -220 | I21: =I5-I13 -> -70 | J21: =J5-J13 -> -200 | K21: =K5-K13 -> -450
B22: 故障停機時數 | C22: =C6-C14 -> -40 | D22: =D6-D14 -> -150 | E22: =E6-E14 -> -300 | F22: =F6-F14 -> -500 | G22: =G6-G14 -> -320 | H22: =H6-H14 -> -240 | I22: =I6-I14 -> -28 | J22: =J6-J14 -> -300 | K22: =K6-K14 -> -500
B23: MTTF | C23: =C7-C15 -> -1 | D23: =D7-D15 -> -1 | E23: =E7-E15 -> -1 | F23: =F7-F15 -> -1 | G23: =G7-G15 -> -1 | H23: =H7-H15 -> -1 | I23: =I7-I15 -> -1 | J23: =J7-J15 -> -1 | K23: =K7-K15 -> -1
B24: 妥善率 | C24: =C8-C16 -> -1 | D24: =D8-D16 -> -1 | E24: =E8-E16 -> -1 | F24: =F8-F16 -> -1 | G24: =G8-G16 -> -1 | H24: =H8-H16 -> -1 | I24: =I8-I16 -> -1 | J24: =J8-J16 -> -1 | K24: =K8-K16 -> -1
B25: 結單率 | C25: =C9-C17 -> -1 | D25: =D9-D17 -> -1 | E25: =E9-E17 -> -1 | F25: =F9-F17 -> -1 | G25: =G9-G17 -> -1 | H25: =H9-H17 -> -1 | I25: =I9-I17 -> -1 | J25: =J9-J17 -> -1 | K25: =K9-K17 -> -1
A27: 重複性故障 | B27: 設備發生相同故障原因之重複工單統計
A28: 逾期工單 | B28: 每月派工單逾期完工統計
A29: 預防矯正改善 | B29: 針對重複故障所進行的設備保養維護或改善工單統計
A30: 故障維修工時 | B30: 每月故障維修類別之派工單工時統計
A31: 故障停機時數 | B31: 每月故障維修類別之派工單停機時數統計
A32: MTTF | B32: MTTF<30天未達標設備之數量統計
A33: 妥善率 | B33: 妥善率未達99%之設備數量統計
A34: 結單率 | B34: 每月工單開立數量與完工數量之比

Sheet Oct
A1: KPI項目 | C1: 宜蘭 | D1: 八里 | E1: 新店 | F1: 樹林 | G1: 台中 | H1: 鹿草 | I1: 嘉義 | J1: 永康 | K1: 仁武
A2: Actual | B2: 重複性故障
B3: 逾期工單
B4: 預防矯正改善
B5: 故障維修工時
B6: 故障停機時數
B7: MTTF
B8: 妥善率
B9: 結單率
A10: Target MTD | B10: 重複性故障 | C10: =KPI目標說明!E4 -> 1 | D10: =KPI目標說明!G4 -> 5 | E10: =KPI目標說明!I4 -> 10 | F10: =KPI目標說明!K4 -> 25 | G10: =KPI目標說明!M4 -> 5 | H10: =KPI目標說明!O4 -> 10 | I10: =KPI目標說明!Q4 -> 2 | J10: =KPI目標說明!S4 -> 6 | K10: =KPI目標說明!U4 -> 25
B11: 逾期工單 | C11: =KPI目標說明!E5 -> 0.1 | D11: =KPI目標說明!G5 -> 0.05 | E11: =KPI目標說明!I5 -> 0.1 | F11: =KPI目標說明!K5 -> 0.1 | G11: =KPI目標說明!M5 -> 0.1 | H11: =KPI目標說明!O5 -> 0.05 | I11: =KPI目標說明!Q5 -> 0.03 | J11: =KPI目標說明!S5 -> 0.05 | K11: =KPI目標說明!U5 -> 0.1
B12: 預防矯正改善 | C12: =KPI目標說明!E6 -> 12 | D12: =KPI目標說明!G6 -> 12 | E12: =KPI目標說明!I6 -> 12 | F12: =KPI目標說明!K6 -> 12 | G12: =KPI目標說明!M6 -> 12 | H12: =KPI目標說明!O6 -> 12 | I12: =KPI目標說明!Q6 -> 12 | J12: =KPI目標說明!S6 -> 12 | K12: =KPI目標說明!U6 -> 12
B13: 故障維修工時 | C13: =KPI目標說明!E7 -> 25 | D13: =KPI目標說明!G7 -> 180 | E13: =KPI目標說明!I7 -> 250 | F13: =KPI目標說明!K7 -> 450 | G13: =KPI目標說明!M7 -> 340 | H13: =KPI目標說明!O7 -> 220 | I13: =KPI目標說明!Q7 -> 70 | J13: =KPI目標說明!S7 -> 200 | K13: =KPI目標說明!U7 -> 450
B14: 故障停機時數 | C14: =KPI目標說明!E8 -> 40 | D14: =KPI目標說明!G8 -> 150 | E14: =KPI目標說明!I8 -> 300 | F14: =KPI目標說明!K8 -> 500 | G14: =KPI目標說明!M8 -> 320 | H14: =KPI目標說明!O8 -> 240 | I14: =KPI目標說明!Q8 -> 28 | J14: =KPI目標說明!S8 -> 300 | K14: =KPI目標說明!U8 -> 500
B15: MTTF | C15: =KPI目標說明!E9 -> 1 | D15: =KPI目標說明!G9 -> 1 | E15: =KPI目標說明!I9 -> 1 | F15: =KPI目標說明!K9 -> 1 | G15: =KPI目標說明!M9 -> 1 | H15: =KPI目標說明!O9 -> 1 | I15: =KPI目標說明!Q9 -> 1 | J15: =KPI目標說明!S9 -> 1 | K15: =KPI目標說明!U9 -> 1
B16: 妥善率 | C16: =KPI目標說明!E10 -> 1 | D16: =KPI目標說明!G10 -> 1 | E16: =KPI目標說明!I10 -> 1 | F16: =KPI目標說明!K10 -> 1 | G16: =KPI目標說明!M10 -> 1 | H16: =KPI目標說明!O10 -> 1 | I16: =KPI目標說明!Q10 -> 1 | J16: =KPI目標說明!S10 -> 1 | K16: =KPI目標說明!U10 -> 1
B17: 結單率 | C17: =KPI目標說明!$E$11 -> 1 | D17: =KPI目標說明!$G$11 -> 1 | E17: =KPI目標說明!$I$11 -> 1 | F17: =KPI目標說明!$K$11 -> 1 | G17: =KPI目標說明!$M$11 -> 1 | H17: =KPI目標說明!$O$11 -> 1 | I17: =KPI目標說明!$Q$11 -> 1 | J17: =KPI目標說明!$S$11 -> 1 | K17: =KPI目標說明!U11 -> 1
A18: Act vs. Target MTD Variance | B18: 重複性故障 | C18: =C2-C10 -> -1 | D18: =D2-D10 -> -5 | E18: =E2-E10 -> -10 | F18: =F2-F10 -> -25 | G18: =G2-G10 -> -5 | H18: =H2-H10 -> -10 | I18: =I2-I10 -> -2 | J18: =J2-J10 -> -6 | K18: =K2-K10 -> -25
B19: 逾期工單 | C19: =C3-C11 -> -0.1 | D19: =D3-D11 -> -0.05 | E19: =E3-E11 -> -0.1 | F19: =F3-F11 -> -0.1 | G19: =G3-G11 -> -0.1 | H19: =H3-H11 -> -0.05 | I19: =I3-I11 -> -0.03 | J19: =J3-J11 -> -0.05 | K19: =K3-K11 -> -0.1
B20: 預防矯正改善 | C20: =C4-C12 -> -12 | D20: =D4-D12 -> -12 | E20: =E4-E12 -> -12 | F20: =F4-F12 -> -12 | G20: =G4-G12 -> -12 | H20: =H4-H12 -> -12 | I20: =I4-I12 -> -12 | J20: =J4-J12 -> -12 | K20: =K4-K12 -> -12
B21: 故障維修工時 | C21: =C5-C13 -> -25 | D21: =D5-D13 -> -180 | E21: =E5-E13 -> -250 | F21: =F5-F13 -> -450 | G21: =G5-G13 -> -340 | H21: =H5-H13 -> -220 | I21: =I5-I13 -> -70 | J21: =J5-J13 -> -200 | K21: =K5-K13 -> -450
B22: 故障停機時數 | C22: =C6-C14 -> -40 | D22: =D6-D14 -> -150 | E22: =E6-E14 -> -300 | F22: =F6-F14 -> -500 | G22: =G6-G14 -> -320 | H22: =H6-H14 -> -240 | I22: =I6-I14 -> -28 | J22: =J6-J14 -> -300 | K22: =K6-K14 -> -500
B23: MTTF | C23: =C7-C15 -> -1 | D23: =D7-D15 -> -1 | E23: =E7-E15 -> -1 | F23: =F7-F15 -> -1 | G23: =G7-G15 -> -1 | H23: =H7-H15 -> -1 | I23: =I7-I15 -> -1 | J23: =J7-J15 -> -1 | K23: =K7-K15 -> -1
B24: 妥善率 | C24: =C8-C16 -> -1 | D24: =D8-D16 -> -1 | E24: =E8-E16 -> -1 | F24: =F8-F16 -> -1 | G24: =G8-G16 -> -1 | H24: =H8-H16 -> -1 | I24: =I8-I16 -> -1 | J24: =J8-J16 -> -1 | K24: =K8-K16 -> -1
B25: 結單率 | C25: =C9-C17 -> -1 | D25: =D9-D17 -> -1 | E25: =E9-E17 -> -1 | F25: =F9-F17 -> -1 | G25: =G9-G17 -> -1 | H25: =H9-H17 -> -1 | I25: =I9-I17 -> -1 | J25: =J9-J17 -> -1 | K25: =K9-K17 -> -1
A27: 重複性故障 | B27: 設備發生相同故障原因之重複工單統計
A28: 逾期工單 | B28: 每月派工單逾期完工統計
A29: 預防矯正改善 | B29: 針對重複故障所進行的設備保養維護或改善工單統計
A30: 故障維修工時 | B30: 每月故障維修類別之派工單工時統計
A31: 故障停機時數 | B31: 每月故障維修類別之派工單停機時數統計
A32: MTTF | B32: MTTF<30天未達標設備之數量統計
A33: 妥善率 | B33: 妥善率未達99%之設備數量統計
A34: 結單率 | B34: 每月工單開立數量與完工數量之比

Sheet Nov
A1: KPI項目 | C1: 宜蘭 | D1: 八里 | E1: 新店 | F1: 樹林 | G1: 台中 | H1: 鹿草 | I1: 嘉義 | J1: 永康 | K1: 仁武
A2: Actual | B2: 重複性故障
B3: 逾期工單
B4: 預防矯正改善
B5: 故障維修工時
B6: 故障停機時數
B7: MTTF
B8: 妥善率
B9: 結單率
A10: Target MTD | B10: 重複性故障 | C10: =KPI目標說明!E4 -> 1 | D10: =KPI目標說明!G4 -> 5 | E10: =KPI目標說明!I4 -> 10 | F10: =KPI目標說明!K4 -> 25 | G10: =KPI目標說明!M4 -> 5 | H10: =KPI目標說明!O4 -> 10 | I10: =KPI目標說明!Q4 -> 2 | J10: =KPI目標說明!S4 -> 6 | K10: =KPI目標說明!U4 -> 25
B11: 逾期工單 | C11: =KPI目標說明!E5 -> 0.1 | D11: =KPI目標說明!G5 -> 0.05 | E11: =KPI目標說明!I5 -> 0.1 | F11: =KPI目標說明!K5 -> 0.1 | G11: =KPI目標說明!M5 -> 0.1 | H11: =KPI目標說明!O5 -> 0.05 | I11: =KPI目標說明!Q5 -> 0.03 | J11: =KPI目標說明!S5 -> 0.05 | K11: =KPI目標說明!U5 -> 0.1
B12: 預防矯正改善 | C12: =KPI目標說明!E6 -> 12 | D12: =KPI目標說明!G6 -> 12 | E12: =KPI目標說明!I6 -> 12 | F12: =KPI目標說明!K6 -> 12 | G12: =KPI目標說明!M6 -> 12 | H12: =KPI目標說明!O6 -> 12 | I12: =KPI目標說明!Q6 -> 12 | J12: =KPI目標說明!S6 -> 12 | K12: =KPI目標說明!U6 -> 12
B13: 故障維修工時 | C13: =KPI目標說明!E7 -> 25 | D13: =KPI目標說明!G7 -> 180 | E13: =KPI目標說明!I7 -> 250 | F13: =KPI目標說明!K7 -> 450 | G13: =KPI目標說明!M7 -> 340 | H13: =KPI目標說明!O7 -> 220 | I13: =KPI目標說明!Q7 -> 70 | J13: =KPI目標說明!S7 -> 200 | K13: =KPI目標說明!U7 -> 450
B14: 故障停機時數 | C14: =KPI目標說明!E8 -> 40 | D14: =KPI目標說明!G8 -> 150 | E14: =KPI目標說明!I8 -> 300 | F14: =KPI目標說明!K8 -> 500 | G14: =KPI目標說明!M8 -> 320 | H14: =KPI目標說明!O8 -> 240 | I14: =KPI目標說明!Q8 -> 28 | J14: =KPI目標說明!S8 -> 300 | K14: =KPI目標說明!U8 -> 500
B15: MTTF | C15: =KPI目標說明!E9 -> 1 | D15: =KPI目標說明!G9 -> 1 | E15: =KPI目標說明!I9 -> 1 | F15: =KPI目標說明!K9 -> 1 | G15: =KPI目標說明!M9 -> 1 | H15: =KPI目標說明!O9 -> 1 | I15: =KPI目標說明!Q9 -> 1 | J15: =KPI目標說明!S9 -> 1 | K15: =KPI目標說明!U9 -> 1
B16: 妥善率 | C16: =KPI目標說明!E10 -> 1 | D16: =KPI目標說明!G10 -> 1 | E16: =KPI目標說明!I10 -> 1 | F16: =KPI目標說明!K10 -> 1 | G16: =KPI目標說明!M10 -> 1 | H16: =KPI目標說明!O10 -> 1 | I16: =KPI目標說明!Q10 -> 1 | J16: =KPI目標說明!S10 -> 1 | K16: =KPI目標說明!U10 -> 1
B17: 結單率 | C17: =KPI目標說明!$E$11 -> 1 | D17: =KPI目標說明!$G$11 -> 1 | E17: =KPI目標說明!$I$11 -> 1 | F17: =KPI目標說明!$K$11 -> 1 | G17: =KPI目標說明!$M$11 -> 1 | H17: =KPI目標說明!$O$11 -> 1 | I17: =KPI目標說明!$Q$11 -> 1 | J17: =KPI目標說明!$S$11 -> 1 | K17: =KPI目標說明!U11 -> 1
A18: Act vs. Target MTD Variance | B18: 重複性故障 | C18: =C2-C10 -> -1 | D18: =D2-D10 -> -5 | E18: =E2-E10 -> -10 | F18: =F2-F10 -> -25 | G18: =G2-G10 -> -5 | H18: =H2-H10 -> -10 | I18: =I2-I10 -> -2 | J18: =J2-J10 -> -6 | K18: =K2-K10 -> -25
B19: 逾期工單 | C19: =C3-C11 -> -0.1 | D19: =D3-D11 -> -0.05 | E19: =E3-E11 -> -0.1 | F19: =F3-F11 -> -0.1 | G19: =G3-G11 -> -0.1 | H19: =H3-H11 -> -0.05 | I19: =I3-I11 -> -0.03 | J19: =J3-J11 -> -0.05 | K19: =K3-K11 -> -0.1
B20: 預防矯正改善 | C20: =C4-C12 -> -12 | D20: =D4-D12 -> -12 | E20: =E4-E12 -> -12 | F20: =F4-F12 -> -12 | G20: =G4-G12 -> -12 | H20: =H4-H12 -> -12 | I20: =I4-I12 -> -12 | J20: =J4-J12 -> -12 | K20: =K4-K12 -> -12
B21: 故障維修工時 | C21: =C5-C13 -> -25 | D21: =D5-D13 -> -180 | E21: =E5-E13 -> -250 | F21: =F5-F13 -> -450 | G21: =G5-G13 -> -340 | H21: =H5-H13 -> -220 | I21: =I5-I13 -> -70 | J21: =J5-J13 -> -200 | K21: =K5-K13 -> -450
B22: 故障停機時數 | C22: =C6-C14 -> -40 | D22: =D6-D14 -> -150 | E22: =E6-E14 -> -300 | F22: =F6-F14 -> -500 | G22: =G6-G14 -> -320 | H22: =H6-H14 -> -240 | I22: =I6-I14 -> -28 | J22: =J6-J14 -> -300 | K22: =K6-K14 -> -500
B23: MTTF | C23: =C7-C15 -> -1 | D23: =D7-D15 -> -1 | E23: =E7-E15 -> -1 | F23: =F7-F15 -> -1 | G23: =G7-G15 -> -1 | H23: =H7-H15 -> -1 | I23: =I7-I15 -> -1 | J23: =J7-J15 -> -1 | K23: =K7-K15 -> -1
B24: 妥善率 | C24: =C8-C16 -> -1 | D24: =D8-D16 -> -1 | E24: =E8-E16 -> -1 | F24: =F8-F16 -> -1 | G24: =G8-G16 -> -1 | H24: =H8-H16 -> -1 | I24: =I8-I16 -> -1 | J24: =J8-J16 -> -1 | K24: =K8-K16 -> -1
B25: 結單率 | C25: =C9-C17 -> -1 | D25: =D9-D17 -> -1 | E25: =E9-E17 -> -1 | F25: =F9-F17 -> -1 | G25: =G9-G17 -> -1 | H25: =H9-H17 -> -1 | I25: =I9-I17 -> -1 | J25: =J9-J17 -> -1 | K25: =K9-K17 -> -1
A27: 重複性故障 | B27: 設備發生相同故障原因之重複工單統計
A28: 逾期工單 | B28: 每月派工單逾期完工統計
A29: 預防矯正改善 | B29: 針對重複故障所進行的設備保養維護或改善工單統計
A30: 故障維修工時 | B30: 每月故障維修類別之派工單工時統計
A31: 故障停機時數 | B31: 每月故障維修類別之派工單停機時數統計
A32: MTTF | B32: MTTF<30天未達標設備之數量統計
A33: 妥善率 | B33: 妥善率未達99%之設備數量統計
A34: 結單率 | B34: 每月工單開立數量與完工數量之比

Sheet Dec
A1: KPI項目 | C1: 宜蘭 | D1: 八里 | E1: 新店 | F1: 樹林 | G1: 台中 | H1: 鹿草 | I1: 嘉義 | J1: 永康 | K1: 仁武
A2: Actual | B2: 重複性故障
B3: 逾期工單
B4: 預防矯正改善
B5: 故障維修工時
B6: 故障停機時數
B7: MTTF
B8: 妥善率
B9: 結單率
A10: Target MTD | B10: 重複性故障 | C10: =KPI目標說明!E4 -> 1 | D10: =KPI目標說明!G4 -> 5 | E10: =KPI目標說明!I4 -> 10 | F10: =KPI目標說明!K4 -> 25 | G10: =KPI目標說明!M4 -> 5 | H10: =KPI目標說明!O4 -> 10 | I10: =KPI目標說明!Q4 -> 2 | J10: =KPI目標說明!S4 -> 6 | K10: =KPI目標說明!U4 -> 25
B11: 逾期工單 | C11: =KPI目標說明!E5 -> 0.1 | D11: =KPI目標說明!G5 -> 0.05 | E11: =KPI目標說明!I5 -> 0.1 | F11: =KPI目標說明!K5 -> 0.1 | G11: =KPI目標說明!M5 -> 0.1 | H11: =KPI目標說明!O5 -> 0.05 | I11: =KPI目標說明!Q5 -> 0.03 | J11: =KPI目標說明!S5 -> 0.05 | K11: =KPI目標說明!U5 -> 0.1
B12: 預防矯正改善 | C12: =KPI目標說明!E6 -> 12 | D12: =KPI目標說明!G6 -> 12 | E12: =KPI目標說明!I6 -> 12 | F12: =KPI目標說明!K6 -> 12 | G12: =KPI目標說明!M6 -> 12 | H12: =KPI目標說明!O6 -> 12 | I12: =KPI目標說明!Q6 -> 12 | J12: =KPI目標說明!S6 -> 12 | K12: =KPI目標說明!U6 -> 12
B13: 故障維修工時 | C13: =KPI目標說明!E7 -> 25 | D13: =KPI目標說明!G7 -> 180 | E13: =KPI目標說明!I7 -> 250 | F13: =KPI目標說明!K7 -> 450 | G13: =KPI目標說明!M7 -> 340 | H13: =KPI目標說明!O7 -> 220 | I13: =KPI目標說明!Q7 -> 70 | J13: =KPI目標說明!S7 -> 200 | K13: =KPI目標說明!U7 -> 450
B14: 故障停機時數 | C14: =KPI目標說明!E8 -> 40 | D14: =KPI目標說明!G8 -> 150 | E14: =KPI目標說明!I8 -> 300 | F14: =KPI目標說明!K8 -> 500 | G14: =KPI目標說明!M8 -> 320 | H14: =KPI目標說明!O8 -> 240 | I14: =KPI目標說明!Q8 -> 28 | J14: =KPI目標說明!S8 -> 300 | K14: =KPI目標說明!U8 -> 500
B15: MTTF | C15: =KPI目標說明!E9 -> 1 | D15: =KPI目標說明!G9 -> 1 | E15: =KPI目標說明!I9 -> 1 | F15: =KPI目標說明!K9 -> 1 | G15: =KPI目標說明!M9 -> 1 | H15: =KPI目標說明!O9 -> 1 | I15: =KPI目標說明!Q9 -> 1 | J15: =KPI目標說明!S9 -> 1 | K15: =KPI目標說明!U9 -> 1
B16: 妥善率 | C16: =KPI目標說明!E10 -> 1 | D16: =KPI目標說明!G10 -> 1 | E16: =KPI目標說明!I10 -> 1 | F16: =KPI目標說明!K10 -> 1 | G16: =KPI目標說明!M10 -> 1 | H16: =KPI目標說明!O10 -> 1 | I16: =KPI目標說明!Q10 -> 1 | J16: =KPI目標說明!S10 -> 1 | K16: =KPI目標說明!U10 -> 1
B17: 結單率 | C17: =KPI目標說明!$E$11 -> 1 | D17: =KPI目標說明!$G$11 -> 1 | E17: =KPI目標說明!$I$11 -> 1 | F17: =KPI目標說明!$K$11 -> 1 | G17: =KPI目標說明!$M$11 -> 1 | H17: =KPI目標說明!$O$11 -> 1 | I17: =KPI目標說明!$Q$11 -> 1 | J17: =KPI目標說明!$S$11 -> 1 | K17: =KPI目標說明!U11 -> 1
A18: Act vs. Target MTD Variance | B18: 重複性故障 | C18: =C2-C10 -> -1 | D18: =D2-D10 -> -5 | E18: =E2-E10 -> -10 | F18: =F2-F10 -> -25 | G18: =G2-G10 -> -5 | H18: =H2-H10 -> -10 | I18: =I2-I10 -> -2 | J18: =J2-J10 -> -6 | K18: =K2-K10 -> -25
B19: 逾期工單 | C19: =C3-C11 -> -0.1 | D19: =D3-D11 -> -0.05 | E19: =E3-E11 -> -0.1 | F19: =F3-F11 -> -0.1 | G19: =G3-G11 -> -0.1 | H19: =H3-H11 -> -0.05 | I19: =I3-I11 -> -0.03 | J19: =J3-J11 -> -0.05 | K19: =K3-K11 -> -0.1
B20: 預防矯正改善 | C20: =C4-C12 -> -12 | D20: =D4-D12 -> -12 | E20: =E4-E12 -> -12 | F20: =F4-F12 -> -12 | G20: =G4-G12 -> -12 | H20: =H4-H12 -> -12 | I20: =I4-I12 -> -12 | J20: =J4-J12 -> -12 | K20: =K4-K12 -> -12
B21: 故障維修工時 | C21: =C5-C13 -> -25 | D21: =D5-D13 -> -180 | E21: =E5-E13 -> -250 | F21: =F5-F13 -> -450 | G21: =G5-G13 -> -340 | H21: =H5-H13 -> -220 | I21: =I5-I13 -> -70 | J21: =J5-J13 -> -200 | K21: =K5-K13 -> -450
B22: 故障停機時數 | C22: =C6-C14 -> -40 | D22: =D6-D14 -> -150 | E22: =E6-E14 -> -300 | F22: =F6-F14 -> -500 | G22: =G6-G14 -> -320 | H22: =H6-H14 -> -240 | I22: =I6-I14 -> -28 | J22: =J6-J14 -> -300 | K22: =K6-K14 -> -500
B23: MTTF | C23: =C7-C15 -> -1 | D23: =D7-D15 -> -1 | E23: =E7-E15 -> -1 | F23: =F7-F15 -> -1 | G23: =G7-G15 -> -1 | H23: =H7-H15 -> -1 | I23: =I7-I15 -> -1 | J23: =J7-J15 -> -1 | K23: =K7-K15 -> -1
B24: 妥善率 | C24: =C8-C16 -> -1 | D24: =D8-D16 -> -1 | E24: =E8-E16 -> -1 | F24: =F8-F16 -> -1 | G24: =G8-G16 -> -1 | H24: =H8-H16 -> -1 | I24: =I8-I16 -> -1 | J24: =J8-J16 -> -1 | K24: =K8-K16 -> -1
B25: 結單率 | C25: =C9-C17 -> -1 | D25: =D9-D17 -> -1 | E25: =E9-E17 -> -1 | F25: =F9-F17 -> -1 | G25: =G9-G17 -> -1 | H25: =H9-H17 -> -1 | I25: =I9-I17 -> -1 | J25: =J9-J17 -> -1 | K25: =K9-K17 -> -1
A27: 重複性故障 | B27: 設備發生相同故障原因之重複工單統計
A28: 逾期工單 | B28: 每月派工單逾期完工統計
A29: 預防矯正改善 | B29: 針對重複故障所進行的設備保養維護或改善工單統計
A30: 故障維修工時 | B30: 每月故障維修類別之派工單工時統計
A31: 故障停機時數 | B31: 每月故障維修類別之派工單停機時數統計
A32: MTTF | B32: MTTF<30天未達標設備之數量統計
A33: 妥善率 | B33: 妥善率未達99%之設備數量統計
A34: 結單率 | B34: 每月工單開立數量與完工數量之比

Sheet 每月結單數量差異
A1: 每月初工單結算統計結果與次月廠端補單差異比較 | D1: Jan | E1: Feb | F1: Mar | G1: Apr | H1: May | I1: Jun | J1: Jul | K1: Aug | L1: Sep | M1: Oct | N1: Nov | O1: Dec | P1: 小計 | Q1: 平均/月
A2: 宜蘭 | B2: 月初結算 | C2: 開立數量 | D2: 12 | E2: 9 | F2: 5 | G2: 6 | P2: =SUM(D2:O2) -> 32 | Q2: =IFERROR(AVERAGE(D2:O2),"") -> 8
C3: 完工數量 | D3: 11 | E3: 6 | F3: 14 | G3: 14 | P3: =SUM(D3:O3) -> 45 | Q3: =IFERROR(AVERAGE(D3:O3),"") -> 11.25
B4: 次月補單 | C4: 開立數量 | D4: 12 | E4: 9 | F4: 5 | G4: 6 | P4: =SUM(D4:O4) -> 32 | Q4: =IFERROR(AVERAGE(D4:O4),"") -> 8
C5: 完工數量 | D5: 11 | E5: 6 | F5: 14 | G5: 14 | P5: =SUM(D5:O5) -> 45 | Q5: =IFERROR(AVERAGE(D5:O5),"") -> 11.25
B6: 差異 | C6: 開立數量 | D6: =D4-D2 -> 0 | E6: =E4-E2 -> 0 | F6: =F4-F2 -> 0 | G6: =G4-G2 -> 0 | H6: =H4-H2 -> 0 | I6: =I4-I2 -> 0 | J6: =J4-J2 -> 0 | K6: =K4-K2 -> 0 | ... O6: =O4-O2 -> 0 | P6: =SUM(D6:O6) -> 0 | Q6: =IFERROR(AVERAGE(D6:O6),"") -> 0
C7: 完工數量 | D7: =D5-D3 -> 0 | E7: =E5-E3 -> 0 | F7: =F5-F3 -> 0 | G7: =G5-G3 -> 0 | H7: =H5-H3 -> 0 | I7: =I5-I3 -> 0 | J7: =J5-J3 -> 0 | K7: =K5-K3 -> 0 | ... O7: =O5-O3 -> 0 | P7: =SUM(D7:O7) -> 0 | Q7: =IFERROR(AVERAGE(D7:O7),"") -> 0
B8: % | C8: 開立數量 | D8: =D6/D2 -> 0 | E8: =E6/E2 -> 0 | F8: =F6/F2 -> 0 | G8: =G6/G2 -> 0 | H8: =H6/H2 -> #DIV/0! | I8: =I6/I2 -> #DIV/0! | J8: =J6/J2 -> #DIV/0! | K8: =K6/K2 -> #DIV/0! | ... N8: =N6/N2 -> #DIV/0! | Q8: =AVERAGE(D8:O8) -> #DIV/0!
C9: 完工數量 | D9: =D7/D3 -> 0 | E9: =E7/E3 -> 0 | F9: =F7/F3 -> 0 | G9: =G7/G3 -> 0 | H9: =H7/H3 -> #DIV/0! | I9: =I7/I3 -> #DIV/0! | J9: =J7/J3 -> #DIV/0! | K9: =K7/K3 -> #DIV/0! | ... N9: =N7/N3 -> #DIV/0! | Q9: =AVERAGE(D9:O9) -> #DIV/0!
A10: 八里 | B10: 月初結算 | C10: 開立數量 | D10: 101 | E10: 82 | F10: 77 | G10: 78 | P10: =SUM(D10:O10) -> 338 | Q10: =IFERROR(AVERAGE(D10:O10),"") -> 84.5
C11: 完工數量 | D11: 109 | E11: 77 | F11: 73 | G11: 74 | P11: =SUM(D11:O11) -> 333 | Q11: =IFERROR(AVERAGE(D11:O11),"") -> 83.25
B12: 次月補單 | C12: 開立數量 | D12: 101 | E12: 82 | F12: 77 | G12: 78 | P12: =SUM(D12:O12) -> 338 | Q12: =IFERROR(AVERAGE(D12:O12),"") -> 84.5
C13: 完工數量 | D13: 109 | E13: 77 | F13: 73 | G13: 74 | P13: =SUM(D13:O13) -> 333 | Q13: =IFERROR(AVERAGE(D13:O13),"") -> 83.25
B14: 差異 | C14: 開立數量 | D14: =D12-D10 -> 0 | E14: =E12-E10 -> 0 | F14: =F12-F10 -> 0 | G14: =G12-G10 -> 0 | H14: =H12-H10 -> 0 | I14: =I12-I10 -> 0 | J14: =J12-J10 -> 0 | K14: =K12-K10 -> 0 | ... O14: =O12-O10 -> 0 | P14: =SUM(D14:O14) -> 0 | Q14: =IFERROR(AVERAGE(D14:O14),"") -> 0
C15: 完工數量 | D15: =D13-D11 -> 0 | E15: =E13-E11 -> 0 | F15: =F13-F11 -> 0 | G15: =G13-G11 -> 0 | H15: =H13-H11 -> 0 | I15: =I13-I11 -> 0 | J15: =J13-J11 -> 0 | K15: =K13-K11 -> 0 | ... O15: =O13-O11 -> 0 | P15: =SUM(D15:O15) -> 0 | Q15: =IFERROR(AVERAGE(D15:O15),"") -> 0
B16: % | C16: 開立數量 | D16: =D14/D10 -> 0 | E16: =E14/E10 -> 0 | F16: =F14/F10 -> 0 | G16: =G14/G10 -> 0 | H16: =H14/H10 -> #DIV/0! | I16: =I14/I10 -> #DIV/0! | J16: =J14/J10 -> #DIV/0! | K16: =K14/K10 -> #DIV/0! | ... N16: =N14/N10 -> #DIV/0! | Q16: =AVERAGE(D16:O16) -> #DIV/0!
C17: 完工數量 | D17: =D15/D11 -> 0 | E17: =E15/E11 -> 0 | F17: =F15/F11 -> 0 | G17: =G15/G11 -> 0 | H17: =H15/H11 -> #DIV/0! | I17: =I15/I11 -> #DIV/0! | J17: =J15/J11 -> #DIV/0! | K17: =K15/K11 -> #DIV/0! | ... N17: =N15/N11 -> #DIV/0! | Q17: =AVERAGE(D17:O17) -> #DIV/0!
A18: 新店 | B18: 月初結算 | C18: 開立數量 | D18: 87 | E18: 59 | F18: 91 | G18: 125 | P18: =SUM(D18:O18) -> 362 | Q18: =IFERROR(AVERAGE(D18:O18),"") -> 90.5
C19: 完工數量 | D19: 66 | E19: 61 | F19: 96 | G19: 113 | P19: =SUM(D19:O19) -> 336 | Q19: =IFERROR(AVERAGE(D19:O19),"") -> 84
B20: 次月補單 | C20: 開立數量 | D20: 87 | E20: 59 | F20: 91 | G20: 125 | P20: =SUM(D20:O20) -> 362 | Q20: =IFERROR(AVERAGE(D20:O20),"") -> 90.5
C21: 完工數量 | D21: 66 | E21: 61 | F21: 96 | G21: 113 | P21: =SUM(D21:O21) -> 336 | Q21: =IFERROR(AVERAGE(D21:O21),"") -> 84
B22: 差異 | C22: 開立數量 | D22: =D20-D18 -> 0 | E22: =E20-E18 -> 0 | F22: =F20-F18 -> 0 | G22: =G20-G18 -> 0 | H22: =H20-H18 -> 0 | I22: =I20-I18 -> 0 | J22: =J20-J18 -> 0 | K22: =K20-K18 -> 0 | ... O22: =O20-O18 -> 0 | P22: =SUM(D22:O22) -> 0 | Q22: =IFERROR(AVERAGE(D22:O22),"") -> 0
C23: 完工數量 | D23: =D21-D19 -> 0 | E23: =E21-E19 -> 0 | F23: =F21-F19 -> 0 | G23: =G21-G19 -> 0 | H23: =H21-H19 -> 0 | I23: =I21-I19 -> 0 | J23: =J21-J19 -> 0 | K23: =K21-K19 -> 0 | ... O23: =O21-O19 -> 0 | P23: =SUM(D23:O23) -> 0 | Q23: =IFERROR(AVERAGE(D23:O23),"") -> 0
B24: % | C24: 開立數量 | D24: =D22/D18 -> 0 | E24: =E22/E18 -> 0 | F24: =F22/F18 -> 0 | G24: =G22/G18 -> 0 | H24: =H22/H18 -> #DIV/0! | I24: =I22/I18 -> #DIV/0! | J24: =J22/J18 -> #DIV/0! | K24: =K22/K18 -> #DIV/0! | ... N24: =N22/N18 -> #DIV/0! | Q24: =AVERAGE(D24:O24) -> #DIV/0!
C25: 完工數量 | D25: =D23/D19 -> 0 | E25: =E23/E19 -> 0 | F25: =F23/F19 -> 0 | G25: =G23/G19 -> 0 | H25: =H23/H19 -> #DIV/0! | I25: =I23/I19 -> #DIV/0! | J25: =J23/J19 -> #DIV/0! | K25: =K23/K19 -> #DIV/0! | ... N25: =N23/N19 -> #DIV/0! | Q25: =AVERAGE(D25:O25) -> #DIV/0!
A26: 樹林 | B26: 月初結算 | C26: 開立數量 | D26: 122 | E26: 64 | F26: 86 | G26: 56 | P26: =SUM(D26:O26) -> 328 | Q26: =IFERROR(AVERAGE(D26:O26),"") -> 82
C27: 完工數量 | D27: 117 | E27: 66 | F27: 82 | G27: 64 | P27: =SUM(D27:O27) -> 329 | Q27: =IFERROR(AVERAGE(D27:O27),"") -> 82.25
B28: 次月補單 | C28: 開立數量 | D28: 122 | E28: 64 | F28: 86 | G28: 56 | P28: =SUM(D28:O28) -> 328 | Q28: =IFERROR(AVERAGE(D28:O28),"") -> 82
C29: 完工數量 | D29: 117 | E29: 66 | F29: 82 | G29: 64 | P29: =SUM(D29:O29) -> 329 | Q29: =IFERROR(AVERAGE(D29:O29),"") -> 82.25
B30: 差異 | C30: 開立數量 | D30: =D28-D26 -> 0 | E30: =E28-E26 -> 0 | F30: =F28-F26 -> 0 | G30: =G28-G26 -> 0 | H30: =H28-H26 -> 0 | I30: =I28-I26 -> 0 | J30: =J28-J26 -> 0 | K30: =K28-K26 -> 0 | ... O30: =O28-O26 -> 0 | P30: =SUM(D30:O30) -> 0 | Q30: =IFERROR(AVERAGE(D30:O30),"") -> 0
C31: 完工數量 | D31: =D29-D27 -> 0 | E31: =E29-E27 -> 0 | F31: =F29-F27 -> 0 | G31: =G29-G27 -> 0 | H31: =H29-H27 -> 0 | I31: =I29-I27 -> 0 | J31: =J29-J27 -> 0 | K31: =K29-K27 -> 0 | ... O31: =O29-O27 -> 0 | P31: =SUM(D31:O31) -> 0 | Q31: =IFERROR(AVERAGE(D31:O31),"") -> 0
B32: % | C32: 開立數量 | D32: =D30/D26 -> 0 | E32: =E30/E26 -> 0 | F32: =F30/F26 -> 0 | G32: =G30/G26 -> 0 | H32: =H30/H26 -> #DIV/0! | I32: =I30/I26 -> #DIV/0! | J32: =J30/J26 -> #DIV/0! | K32: =K30/K26 -> #DIV/0! | ... N32: =N30/N26 -> #DIV/0! | Q32: =AVERAGE(D32:O32) -> #DIV/0!
C33: 完工數量 | D33: =D31/D27 -> 0 | E33: =E31/E27 -> 0 | F33: =F31/F27 -> 0 | G33: =G31/G27 -> 0 | H33: =H31/H27 -> #DIV/0! | I33: =I31/I27 -> #DIV/0! | J33: =J31/J27 -> #DIV/0! | K33: =K31/K27 -> #DIV/0! | ... N33: =N31/N27 -> #DIV/0! | Q33: =AVERAGE(D33:O33) -> #DIV/0!
A34: 台中 | B34: 月初結算 | C34: 開立數量 | D34: 49 | E34: 55 | F34: 57 | G34: 150 | P34: =SUM(D34:O34) -> 311 | Q34: =IFERROR(AVERAGE(D34:O34),"") -> 77.75
C35: 完工數量 | D35: 48 | E35: 50 | F35: 57 | G35: 141 | P35: =SUM(D35:O35) -> 296 | Q35: =IFERROR(AVERAGE(D35:O35),"") -> 74
B36: 次月補單 | C36: 開立數量 | D36: 49 | E36: 55 | F36: 57 | G36: 150 | P36: =SUM(D36:O36) -> 311 | Q36: =IFERROR(AVERAGE(D36:O36),"") -> 77.75
C37: 完工數量 | D37: 48 | E37: 50 | F37: 57 | G37: 141 | P37: =SUM(D37:O37) -> 296 | Q37: =IFERROR(AVERAGE(D37:O37),"") -> 74
B38: 差異 | C38: 開立數量 | D38: =D36-D34 -> 0 | E38: =E36-E34 -> 0 | F38: =F36-F34 -> 0 | G38: =G36-G34 -> 0 | H38: =H36-H34 -> 0 | I38: =I36-I34 -> 0 | J38: =J36-J34 -> 0 | K38: =K36-K34 -> 0 | ... O38: =O36-O34 -> 0 | P38: =SUM(D38:O38) -> 0 | Q38: =IFERROR(AVERAGE(D38:O38),"") -> 0
C39: 完工數量 | D39: =D37-D35 -> 0 | E39: =E37-E35 -> 0 | F39: =F37-F35 -> 0 | G39: =G37-G35 -> 0 | H39: =H37-H35 -> 0 | I39: =I37-I35 -> 0 | J39: =J37-J35 -> 0 | K39: =K37-K35 -> 0 | ... O39: =O37-O35 -> 0 | P39: =SUM(D39:O39) -> 0 | Q39: =IFERROR(AVERAGE(D39:O39),"") -> 0
B40: % | C40: 開立數量 | D40: =D38/D34 -> 0 | E40: =E38/E34 -> 0 | F40: =F38/F34 -> 0 | G40: =G38/G34 -> 0 | H40: =H38/H34 -> #DIV/0! | I40: =I38/I34 -> #DIV/0! | J40: =J38/J34 -> #DIV/0! | K40: =K38/K34 -> #DIV/0! | ... N40: =N38/N34 -> #DIV/0! | Q40: =AVERAGE(D40:O40) -> #DIV/0!
C41: 完工數量 | D41: =D39/D35 -> 0 | E41: =E39/E35 -> 0 | F41: =F39/F35 -> 0 | G41: =G39/G35 -> 0 | H41: =H39/H35 -> #DIV/0! | I41: =I39/I35 -> #DIV/0! | J41: =J39/J35 -> #DIV/0! | K41: =K39/K35 -> #DIV/0! | ... N41: =N39/N35 -> #DIV/0! | Q41: =AVERAGE(D41:O41) -> #DIV/0!
A42: 鹿草 | B42: 月初結算 | C42: 開立數量 | D42: 49 | E42: 51 | F42: 47 | G42: 50 | P42: =SUM(D42:O42) -> 197 | Q42: =IFERROR(AVERAGE(D42:O42),"") -> 49.25
C43: 完工數量 | D43: 49 | E43: 49 | F43: 41 | G43: 47 | P43: =SUM(D43:O43) -> 186 | Q43: =IFERROR(AVERAGE(D43:O43),"") -> 46.5
B44: 次月補單 | C44: 開立數量 | D44: 49 | E44: 51 | F44: 47 | G44: 50 | P44: =SUM(D44:O44) -> 197 | Q44: =IFERROR(AVERAGE(D44:O44),"") -> 49.25
C45: 完工數量 | D45: 49 | E45: 49 | F45: 41 | G45: 47 | P45: =SUM(D45:O45) -> 186 | Q45: =IFERROR(AVERAGE(D45:O45),"") -> 46.5
B46: 差異 | C46: 開立數量 | D46: =D44-D42 -> 0 | E46: =E44-E42 -> 0 | F46: =F44-F42 -> 0 | G46: =G44-G42 -> 0 | H46: =H44-H42 -> 0 | I46: =I44-I42 -> 0 | J46: =J44-J42 -> 0 | K46: =K44-K42 -> 0 | ... O46: =O44-O42 -> 0 | P46: =SUM(D46:O46) -> 0 | Q46: =IFERROR(AVERAGE(D46:O46),"") -> 0
C47: 完工數量 | D47: =D45-D43 -> 0 | E47: =E45-E43 -> 0 | F47: =F45-F43 -> 0 | G47: =G45-G43 -> 0 | H47: =H45-H43 -> 0 | I47: =I45-I43 -> 0 | J47: =J45-J43 -> 0 | K47: =K45-K43 -> 0 | ... O47: =O45-O43 -> 0 | P47: =SUM(D47:O47) -> 0 | Q47: =IFERROR(AVERAGE(D47:O47),"") -> 0
B48: % | C48: 開立數量 | D48: =D46/D42 -> 0 | E48: =E46/E42 -> 0 | F48: =F46/F42 -> 0 | G48: =G46/G42 -> 0 | H48: =H46/H42 -> #DIV/0! | I48: =I46/I42 -> #DIV/0! | J48: =J46/J42 -> #DIV/0! | K48: =K46/K42 -> #DIV/0! | ... N48: =N46/N42 -> #DIV/0! | Q48: =AVERAGE(D48:O48) -> #DIV/0!
C49: 完工數量 | D49: =D47/D43 -> 0 | E49: =E47/E43 -> 0 | F49: =F47/F43 -> 0 | G49: =G47/G43 -> 0 | H49: =H47/H43 -> #DIV/0! | I49: =I47/I43 -> #DIV/0! | J49: =J47/J43 -> #DIV/0! | K49: =K47/K43 -> #DIV/0! | ... N49: =N47/N43 -> #DIV/0! | Q49: =AVERAGE(D49:O49) -> #DIV/0!
A50: 嘉義 | B50: 月初結算 | C50: 開立數量 | D50: 20 | E50: 13 | F50: 26 | G50: 24 | P50: =SUM(D50:O50) -> 83 | Q50: =IFERROR(AVERAGE(D50:O50),"") -> 20.75
C51: 完工數量 | D51: 23 | E51: 13 | F51: 25 | G51: 24 | P51: =SUM(D51:O51) -> 85 | Q51: =IFERROR(AVERAGE(D51:O51),"") -> 21.25
B52: 次月補單 | C52: 開立數量 | D52: 20 | E52: 13 | F52: 26 | G52: 24 | P52: =SUM(D52:O52) -> 83 | Q52: =IFERROR(AVERAGE(D52:O52),"") -> 20.75
C53: 完工數量 | D53: 23 | E53: 13 | F53: 25 | G53: 24 | P53: =SUM(D53:O53) -> 85 | Q53: =IFERROR(AVERAGE(D53:O53),"") -> 21.25
B54: 差異 | C54: 開立數量 | D54: =D52-D50 -> 0 | E54: =E52-E50 -> 0 | F54: =F52-F50 -> 0 | G54: =G52-G50 -> 0 | H54: =H52-H50 -> 0 | I54: =I52-I50 -> 0 | J54: =J52-J50 -> 0 | K54: =K52-K50 -> 0 | ... O54: =O52-O50 -> 0 | P54: =SUM(D54:O54) -> 0 | Q54: =IFERROR(AVERAGE(D54:O54),"") -> 0
C55: 完工數量 | D55: =D53-D51 -> 0 | E55: =E53-E51 -> 0 | F55: =F53-F51 -> 0 | G55: =G53-G51 -> 0 | H55: =H53-H51 -> 0 | I55: =I53-I51 -> 0 | J55: =J53-J51 -> 0 | K55: =K53-K51 -> 0 | ... O55: =O53-O51 -> 0 | P55: =SUM(D55:O55) -> 0 | Q55: =IFERROR(AVERAGE(D55:O55),"") -> 0
B56: % | C56: 開立數量 | D56: =D54/D50 -> 0 | E56: =E54/E50 -> 0 | F56: =F54/F50 -> 0 | G56: =G54/G50 -> 0 | H56: =H54/H50 -> #DIV/0! | I56: =I54/I50 -> #DIV/0! | J56: =J54/J50 -> #DIV/0! | K56: =K54/K50 -> #DIV/0! | ... N56: =N54/N50 -> #DIV/0! | Q56: =AVERAGE(D56:O56) -> #DIV/0!
C57: 完工數量 | D57: =D55/D51 -> 0 | E57: =E55/E51 -> 0 | F57: =F55/F51 -> 0 | G57: =G55/G51 -> 0 | H57: =H55/H51 -> #DIV/0! | I57: =I55/I51 -> #DIV/0! | J57: =J55/J51 -> #DIV/0! | K57: =K55/K51 -> #DIV/0! | ... N57: =N55/N51 -> #DIV/0! | Q57: =AVERAGE(D57:O57) -> #DIV/0!
A58: 永康 | B58: 月初結算 | C58: 開立數量 | D58: 89 | E58: 80 | F58: 106 | G58: 105 | P58: =SUM(D58:O58) -> 380 | Q58: =IFERROR(AVERAGE(D58:O58),"") -> 95
C59: 完工數量 | D59: 79 | E59: 84 | F59: 101 | G59: 113 | P59: =SUM(D59:O59) -> 377 | Q59: =IFERROR(AVERAGE(D59:O59),"") -> 94.25
B60: 次月補單 | C60: 開立數量 | D60: 89 | E60: 80 | F60: 106 | G60: 105 | P60: =SUM(D60:O60) -> 380 | Q60: =IFERROR(AVERAGE(D60:O60),"") -> 95
C61: 完工數量 | D61: 79 | E61: 84 | F61: 101 | G61: 113 | P61: =SUM(D61:O61) -> 377 | Q61: =IFERROR(AVERAGE(D61:O61),"") -> 94.25
B62: 差異 | C62: 開立數量 | D62: =D60-D58 -> 0 | E62: =E60-E58 -> 0 | F62: =F60-F58 -> 0 | G62: =G60-G58 -> 0 | H62: =H60-H58 -> 0 | I62: =I60-I58 -> 0 | J62: =J60-J58 -> 0 | K62: =K60-K58 -> 0 | ... O62: =O60-O58 -> 0 | P62: =SUM(D62:O62) -> 0 | Q62: =IFERROR(AVERAGE(D62:O62),"") -> 0
C63: 完工數量 | D63: =D61-D59 -> 0 | E63: =E61-E59 -> 0 | F63: =F61-F59 -> 0 | G63: =G61-G59 -> 0 | H63: =H61-H59 -> 0 | I63: =I61-I59 -> 0 | J63: =J61-J59 -> 0 | K63: =K61-K59 -> 0 | ... O63: =O61-O59 -> 0 | P63: =SUM(D63:O63) -> 0 | Q63: =IFERROR(AVERAGE(D63:O63),"") -> 0
B64: % | C64: 開立數量 | D64: =D62/D58 -> 0 | E64: =E62/E58 -> 0 | F64: =F62/F58 -> 0 | G64: =G62/G58 -> 0 | H64: =H62/H58 -> #DIV/0! | I64: =I62/I58 -> #DIV/0! | J64: =J62/J58 -> #DIV/0! | K64: =K62/K58 -> #DIV/0! | ... N64: =N62/N58 -> #DIV/0! | Q64: =AVERAGE(D64:O64) -> #DIV/0!
C65: 完工數量 | D65: =D63/D59 -> 0 | E65: =E63/E59 -> 0 | F65: =F63/F59 -> 0 | G65: =G63/G59 -> 0 | H65: =H63/H59 -> #DIV/0! | I65: =I63/I59 -> #DIV/0! | J65: =J63/J59 -> #DIV/0! | K65: =K63/K59 -> #DIV/0! | ... N65: =N63/N59 -> #DIV/0! | Q65: =AVERAGE(D65:O65) -> #DIV/0!
A66: 仁武 | B66: 月初結算 | C66: 開立數量 | D66: 105 | E66: 85 | F66: 94 | G66: 78 | P66: =SUM(D66:O66) -> 362 | Q66: =IFERROR(AVERAGE(D66:O66),"") -> 90.5
C67: 完工數量 | D67: 64 | E67: 48 | F67: 49 | G67: 23 | P67: =SUM(D67:O67) -> 184 | Q67: =IFERROR(AVERAGE(D67:O67),"") -> 46
B68: 次月補單 | C68: 開立數量 | D68: 105 | E68: 85 | F68: 94 | G68: 78 | P68: =SUM(D68:O68) -> 362 | Q68: =IFERROR(AVERAGE(D68:O68),"") -> 90.5
C69: 完工數量 | D69: 64 | E69: 48 | F69: 49 | G69: 23 | P69: =SUM(D69:O69) -> 184 | Q69: =IFERROR(AVERAGE(D69:O69),"") -> 46
B70: 差異 | C70: 開立數量 | D70: =D68-D66 -> 0 | E70: =E68-E66 -> 0 | F70: =F68-F66 -> 0 | G70: =G68-G66 -> 0 | H70: =H68-H66 -> 0 | I70: =I68-I66 -> 0 | J70: =J68-J66 -> 0 | K70: =K68-K66 -> 0 | ... O70: =O68-O66 -> 0 | P70: =SUM(D70:O70) -> 0 | Q70: =IFERROR(AVERAGE(D70:O70),"") -> 0
C71: 完工數量 | D71: =D69-D67 -> 0 | E71: =E69-E67 -> 0 | F71: =F69-F67 -> 0 | G71: =G69-G67 -> 0 | H71: =H69-H67 -> 0 | I71: =I69-I67 -> 0 | J71: =J69-J67 -> 0 | K71: =K69-K67 -> 0 | ... O71: =O69-O67 -> 0 | P71: =SUM(D71:O71) -> 0 | Q71: =IFERROR(AVERAGE(D71:O71),"") -> 0
B72: % | C72: 開立數量 | D72: =D70/D66 -> 0 | E72: =E70/E66 -> 0 | F72: =F70/F66 -> 0 | G72: =G70/G66 -> 0 | H72: =H70/H66 -> #DIV/0! | I72: =I70/I66 -> #DIV/0! | J72: =J70/J66 -> #DIV/0! | K72: =K70/K66 -> #DIV/0! | ... N72: =N70/N66 -> #DIV/0! | Q72: =AVERAGE(D72:O72) -> #DIV/0!
C73: 完工數量 | D73: =D71/D67 -> 0 | E73: =E71/E67 -> 0 | F73: =F71/F67 -> 0 | G73: =G71/G67 -> 0 | H73: =H71/H67 -> #DIV/0! | I73: =I71/I67 -> #DIV/0! | J73: =J71/J67 -> #DIV/0! | K73: =K71/K67 -> #DIV/0! | ... N73: =N71/N67 -> #DIV/0! | Q73: =AVERAGE(D73:O73) -> #DIV/0!
C75: Red: 有修改

Sheet 結單率
A1: ERP工單結單率 | C1: Jan | D1: Feb | E1: Mar | F1: Apr | G1: May | H1: Jun | I1: Jul | J1: Aug | K1: Sep | L1: Oct | M1: Nov | N1: Dec | O1: 小計 | P1: 平均/月
A2: 宜蘭 | B2: 開立數量 | C2: 12 | D2: 9 | E2: 5 | F2: 6 | O2: =SUM(C2:N2) -> 32 | P2: =IFERROR(AVERAGE(C2:N2),"") -> 8
B3: 完工數量 | C3: 11 | D3: 6 | E3: 14 | F3: 14 | O3: =SUM(C3:N3) -> 45 | P3: =IFERROR(AVERAGE(C3:N3),"") -> 11.25
B4: % | C4: =IFERROR(C3/C2,"") -> 0.91666667 | D4: =IFERROR(D3/D2,"") -> 0.66666667 | E4: =IFERROR(E3/E2,"") -> 2.8 | F4: =IFERROR(F3/F2,"") -> 2.3333333 | G4: =IFERROR(G3/G2,"") | H4: =IFERROR(H3/H2,"") | I4: =IFERROR(I3/I2,"") | J4: =IFERROR(J3/J2,"") | ... O4: =IFERROR(O3/O2,"") -> 1.40625
A5: 八里 | B5: 開立數量 | C5: 101 | D5: 82 | E5: 77 | F5: 78 | O5: =SUM(C5:N5) -> 338 | P5: =IFERROR(AVERAGE(C5:N5),"") -> 84.5 | T5: 廠別 | U5: 宜蘭 | V5: 八里 | W5: 新店 | X5: 樹林 | Y5: 台中 | Z5: 鹿草 | AA5: 嘉義 | AB5: 永康
B6: 完工數量 | C6: 109 | D6: 77 | E6: 73 | F6: 74 | O6: =SUM(C6:N6) -> 333 | P6: =IFERROR(AVERAGE(C6:N6),"") -> 83.25 | T6: YTD平均 結單率 | U6: =O4 -> 1.40625 | V6: =O7 -> 0.9852071 | W6: =O10 -> 0.9281768 | X6: =O13 -> 1.0030488 | Y6: =O16 -> 0.95176849 | Z6: =O19 -> 0.94416244 | AA6: =O22 -> 1.0240964 | AB6: =O25 -> 0.99210526
B7: % | C7: =IFERROR(C6/C5,"") -> 1.0792079 | D7: =IFERROR(D6/D5,"") -> 0.93902439 | E7: =IFERROR(E6/E5,"") -> 0.94805195 | F7: =IFERROR(F6/F5,"") -> 0.94871795 | G7: =IFERROR(G6/G5,"") | H7: =IFERROR(H6/H5,"") | I7: =IFERROR(I6/I5,"") | J7: =IFERROR(J6/J5,"") | ... O7: =IFERROR(O6/O5,"") -> 0.9852071
A8: 新店 | B8: 開立數量 | C8: 87 | D8: 59 | E8: 91 | F8: 125 | O8: =SUM(C8:N8) -> 362 | P8: =IFERROR(AVERAGE(C8:N8),"") -> 90.5
B9: 完工數量 | C9: 66 | D9: 61 | E9: 96 | F9: 113 | O9: =SUM(C9:N9) -> 336 | P9: =IFERROR(AVERAGE(C9:N9),"") -> 84
B10: % | C10: =IFERROR(C9/C8,"") -> 0.75862069 | D10: =IFERROR(D9/D8,"") -> 1.0338983 | E10: =IFERROR(E9/E8,"") -> 1.0549451 | F10: =IFERROR(F9/F8,"") -> 0.904 | G10: =IFERROR(G9/G8,"") | H10: =IFERROR(H9/H8,"") | I10: =IFERROR(I9/I8,"") | J10: =IFERROR(J9/J8,"") | ... O10: =IFERROR(O9/O8,"") -> 0.9281768
A11: 樹林 | B11: 開立數量 | C11: 122 | D11: 64 | E11: 86 | F11: 56 | O11: =SUM(C11:N11) -> 328 | P11: =IFERROR(AVERAGE(C11:N11),"") -> 82
B12: 完工數量 | C12: 117 | D12: 66 | E12: 82 | F12: 64 | O12: =SUM(C12:N12) -> 329 | P12: =IFERROR(AVERAGE(C12:N12),"") -> 82.25
B13: % | C13: =IFERROR(C12/C11,"") -> 0.95901639 | D13: =IFERROR(D12/D11,"") -> 1.03125 | E13: =IFERROR(E12/E11,"") -> 0.95348837 | F13: =IFERROR(F12/F11,"") -> 1.1428571 | G13: =IFERROR(G12/G11,"") | H13: =IFERROR(H12/H11,"") | I13: =IFERROR(I12/I11,"") | J13: =IFERROR(J12/J11,"") | ... O13: =IFERROR(O12/O11,"") -> 1.0030488
A14: 台中 | B14: 開立數量 | C14: 49 | D14: 55 | E14: 57 | F14: 150 | O14: =SUM(C14:N14) -> 311 | P14: =IFERROR(AVERAGE(C14:N14),"") -> 77.75
B15: 完工數量 | C15: 48 | D15: 50 | E15: 57 | F15: 141 | O15: =SUM(C15:N15) -> 296 | P15: =IFERROR(AVERAGE(C15:N15),"") -> 74
B16: % | C16: =IFERROR(C15/C14,"") -> 0.97959184 | D16: =IFERROR(D15/D14,"") -> 0.90909091 | E16: =IFERROR(E15/E14,"") -> 1 | F16: =IFERROR(F15/F14,"") -> 0.94 | G16: =IFERROR(G15/G14,"") | H16: =IFERROR(H15/H14,"") | I16: =IFERROR(I15/I14,"") | J16: =IFERROR(J15/J14,"") | ... O16: =IFERROR(O15/O14,"") -> 0.95176849
A17: 鹿草 | B17: 開立數量 | C17: 49 | D17: 51 | E17: 47 | F17: 50 | O17: =SUM(C17:N17) -> 197 | P17: =IFERROR(AVERAGE(C17:N17),"") -> 49.25
B18: 完工數量 | C18: 49 | D18: 49 | E18: 41 | F18: 47 | O18: =SUM(C18:N18) -> 186 | P18: =IFERROR(AVERAGE(C18:N18),"") -> 46.5
B19: % | C19: =IFERROR(C18/C17,"") -> 1 | D19: =IFERROR(D18/D17,"") -> 0.96078431 | E19: =IFERROR(E18/E17,"") -> 0.87234043 | F19: =IFERROR(F18/F17,"") -> 0.94 | G19: =IFERROR(G18/G17,"") | H19: =IFERROR(H18/H17,"") | I19: =IFERROR(I18/I17,"") | J19: =IFERROR(J18/J17,"") | ... O19: =IFERROR(O18/O17,"") -> 0.94416244
A20: 嘉義 | B20: 開立數量 | C20: 20 | D20: 13 | E20: 26 | F20: 24 | O20: =SUM(C20:N20) -> 83 | P20: =IFERROR(AVERAGE(C20:N20),"") -> 20.75
B21: 完工數量 | C21: 23 | D21: 13 | E21: 25 | F21: 24 | O21: =SUM(C21:N21) -> 85 | P21: =IFERROR(AVERAGE(C21:N21),"") -> 21.25
B22: % | C22: =IFERROR(C21/C20,"") -> 1.15 | D22: =IFERROR(D21/D20,"") -> 1 | E22: =IFERROR(E21/E20,"") -> 0.96153846 | F22: =IFERROR(F21/F20,"") -> 1 | G22: =IFERROR(G21/G20,"") | H22: =IFERROR(H21/H20,"") | I22: =IFERROR(I21/I20,"") | J22: =IFERROR(J21/J20,"") | ... O22: =IFERROR(O21/O20,"") -> 1.0240964
A23: 永康 | B23: 開立數量 | C23: 89 | D23: 80 | E23: 106 | F23: 105 | O23: =SUM(C23:N23) -> 380 | P23: =IFERROR(AVERAGE(C23:N23),"") -> 95
B24: 完工數量 | C24: 79 | D24: 84 | E24: 101 | F24: 113 | O24: =SUM(C24:N24) -> 377 | P24: =IFERROR(AVERAGE(C24:N24),"") -> 94.25
B25: % | C25: =IFERROR(C24/C23,"") -> 0.88764045 | D25: =IFERROR(D24/D23,"") -> 1.05 | E25: =IFERROR(E24/E23,"") -> 0.95283019 | F25: =IFERROR(F24/F23,"") -> 1.0761905 | G25: =IFERROR(G24/G23,"") | H25: =IFERROR(H24/H23,"") | I25: =IFERROR(I24/I23,"") | J25: =IFERROR(J24/J23,"") | ... O25: =IFERROR(O24/O23,"") -> 0.99210526
A26: 仁武 | B26: 開立數量 | C26: 105 | D26: 85 | E26: 94 | F26: 78 | O26: =SUM(C26:N26) -> 362 | P26: =IFERROR(AVERAGE(C26:N26),"") -> 90.5
B27: 完工數量 | C27: 64 | D27: 48 | E27: 49 | F27: 23 | O27: =SUM(C27:N27) -> 184 | P27: =IFERROR(AVERAGE(C27:N27),"") -> 46
B28: % | C28: =IFERROR(C27/C26,"") -> 0.60952381 | D28: =IFERROR(D27/D26,"") -> 0.56470588 | E28: =IFERROR(E27/E26,"") -> 0.5212766 | F28: =IFERROR(F27/F26,"") -> 0.29487179 | G28: =IFERROR(G27/G26,"") | H28: =IFERROR(H27/H26,"") | I28: =IFERROR(I27/I26,"") | J28: =IFERROR(J27/J26,"") | ... O28: =IFERROR(O27/O26,"") -> 0.50828729
B30: Green:>90%，Red:<70%
C32: 宜蘭 | D32: 61 | E32: =D32/O2 -> 1.90625 | F32: 0.30348259
C33: 八里 | D33: 161 | E33: =D33/O5 -> 0.47633136 | F33: 0.21045752
C34: 新店 | D34: 167 | E34: =D34/O8 -> 0.46132597 | F34: 0.20771144
C35: 樹林 | D35: 188 | E35: =D35/O11 -> 0.57317073 | F35: 0.15798319
C36: 台中 | D36: 97 | E36: =D36/O14 -> 0.31189711 | F36: 0.12613784
C37: 鹿草 | D37: 126 | E37: =D37/O17 -> 0.63959391 | F37: 0.14416476
C38: 嘉義 | D38: 16 | E38: =D38/O20 -> 0.19277108 | F38: 0.061302682
C39: 永康 | D39: 159 | E39: =D39/O23 -> 0.41842105 | F39: 0.17805151

Sheet 預保次數統計
A1: 預防矯正改善工單數量 | B1: 宜蘭 | C1: 八里 | D1: 新店 | E1: 樹林 | F1: 台中 | G1: 鹿草 | H1: 嘉義 | I1: 永康 | J1: 仁武
A2: Jan | B2: =Jan!C4 -> 0 | C2: =Jan!D4 -> 0 | D2: =Jan!E4 -> 0 | E2: =Jan!F4 -> 0 | F2: =Jan!G4 -> 0 | G2: =Jan!H4 -> 0 | H2: =Jan!I4 -> 0 | I2: =Jan!J4 -> 0 | J2: =Jan!K4 -> 0
A3: Feb | B3: =Feb!C4 -> 0 | C3: =Feb!D4 -> 0 | D3: =Feb!E4 -> 0 | E3: =Feb!F4 -> 0 | F3: =Feb!G4 -> 0 | G3: =Feb!H4 -> 0 | H3: =Feb!I4 -> 0 | I3: =Feb!J4 -> 0 | J3: =Feb!K4 -> 0
A4: Mar | B4: =Mar!C4 -> 0 | C4: =Mar!D4 -> 0 | D4: =Mar!E4 -> 0 | E4: =Mar!F4 -> 0 | F4: =Mar!G4 -> 0 | G4: =Mar!H4 -> 0 | H4: =Mar!I4 -> 0 | I4: =Mar!J4 -> 0 | J4: =Mar!K4 -> 0
A5: Apr | B5: =Apr!C4 -> 9 | C5: =Apr!D4 -> 5 | D5: =Apr!E4 -> 26 | E5: =Apr!F4 -> 4 | F5: =Apr!G4 -> 6 | G5: =Apr!H4 -> 5 | H5: =Apr!I4 -> 5 | I5: =Apr!J4 -> 0 | J5: =Apr!K4 -> 3
A6: May | B6: =May!C4 -> 0 | C6: =May!D4 -> 0 | D6: =May!E4 -> 0 | E6: =May!F4 -> 0 | F6: =May!G4 -> 0 | G6: =May!H4 -> 0 | H6: =May!I4 -> 0 | I6: =May!J4 -> 0 | J6: =May!K4 -> 0
A7: Jun | B7: =Jun!C4 -> 0 | C7: =Jun!D4 -> 0 | D7: =Jun!E4 -> 0 | E7: =Jun!F4 -> 0 | F7: =Jun!G4 -> 0 | G7: =Jun!H4 -> 0 | H7: =Jun!I4 -> 0 | I7: =Jun!J4 -> 0 | J7: =Jun!K4 -> 0
A8: Jul | B8: =Jul!C4 -> 0 | C8: =Jul!D4 -> 0 | D8: =Jul!E4 -> 0 | E8: =Jul!F4 -> 0 | F8: =Jul!G4 -> 0 | G8: =Jul!H4 -> 0 | H8: =Jul!I4 -> 0 | I8: =Jul!J4 -> 0 | J8: =Jul!K4 -> 0
A9: Aug | B9: =Aug!C4 -> 0 | C9: =Aug!D4 -> 0 | D9: =Aug!E4 -> 0 | E9: =Aug!F4 -> 0 | F9: =Aug!G4 -> 0 | G9: =Aug!H4 -> 0 | H9: =Aug!I4 -> 0 | I9: =Aug!J4 -> 0 | J9: =Aug!K4 -> 0
A10: Sep | B10: =Sep!C4 -> 0 | C10: =Sep!D4 -> 0 | D10: =Sep!E4 -> 0 | E10: =Sep!F4 -> 0 | F10: =Sep!G4 -> 0 | G10: =Sep!H4 -> 0 | H10: =Sep!I4 -> 0 | I10: =Sep!J4 -> 0 | J10: =Sep!K4 -> 0
A11: Oct | B11: =Oct!C4 -> 0 | C11: =Oct!D4 -> 0 | D11: =Oct!E4 -> 0 | E11: =Oct!F4 -> 0 | F11: =Oct!G4 -> 0 | G11: =Oct!H4 -> 0 | H11: =Oct!I4 -> 0 | I11: =Oct!J4 -> 0 | J11: =Oct!K4 -> 0
A12: Nov | B12: =Nov!C4 -> 0 | C12: =Nov!D4 -> 0 | D12: =Nov!E4 -> 0 | E12: =Nov!F4 -> 0 | F12: =Nov!G4 -> 0 | G12: =Nov!H4 -> 0 | H12: =Nov!I4 -> 0 | I12: =Nov!J4 -> 0 | J12: =Nov!K4 -> 0
A13: Dec | B13: =Dec!C4 -> 0 | C13: =Dec!D4 -> 0 | D13: =Dec!E4 -> 0 | E13: =Dec!F4 -> 0 | F13: =Dec!G4 -> 0 | G13: =Dec!H4 -> 0 | H13: =Dec!I4 -> 0 | I13: =Dec!J4 -> 0 | J13: =Dec!K4 -> 0
A14: 未達標次數 | B14: =COUNTIF(B2:B13,"<5") -> 11 | C14: =COUNTIF(C2:C13,"<5") -> 11 | D14: =COUNTIF(D2:D13,"<5") -> 11 | E14: =COUNTIF(E2:E13,"<5") -> 12 | F14: =COUNTIF(F2:F13,"<5") -> 11 | G14: =COUNTIF(G2:G13,"<5") -> 11 | H14: =COUNTIF(H2:H13,"<5") -> 11 | I14: =COUNTIF(I2:I13,"<5") -> 12 | J14: =COUNTIF(J2:J13,"<5") -> 12
A15: YTD平均 (預保工單/月) | B15: =SUM(B2:B12)/11 -> 0.81818182 | C15: =SUM(C2:C12)/11 -> 0.45454545 | D15: =SUM(D2:D12)/11 -> 2.3636364 | E15: =SUM(E2:E12)/11 -> 0.36363636 | F15: =SUM(F2:F12)/11 -> 0.54545455 | G15: =SUM(G2:G12)/11 -> 0.45454545 | H15: =SUM(H2:H12)/11 -> 0.45454545 | I15: =SUM(I2:I12)/11 -> 0 | J15: =SUM(J2:J12)/11 -> 0.27272727
B17: *紅色表示預防保養每月工單數未達12次
