Workbook

Sheet 工作表1
B1: 101 | H1: 105
A2: 日期 | B2: 投入量(ton) | E2: 垃圾熱值(Kcal/kg) | H2: 燃燒室溫度 | K2: 過熱器入口溫度 | N2: 節熱器入口溫度 | T2: 過熱器溫度
B3: 一號爐 | C3: 二號爐 | D3: 三號爐 | E3: 一號爐 | F3: 二號爐 | G3: 三號爐 | H3: 一號爐 | I3: 二號爐 | J3: 三號爐 | K3: 一號爐 | L3: 二號爐 | M3: 三號爐 | N3: 一號爐 | P3: 二號爐 | R3: 三號爐 | T3: 一號爐A | U3: 一號爐B | V3: 二號爐A | W3: 二號爐B | X3: 三號爐A | Y3: 三號爐B
N4: TI101 | O4: TI102 | P4: TI101 | Q4: TI202 | R4: TI301 | S4: TI302
A5: 2017-02-24 | B5: 398.44924 | C5: 405.45824 | D5: 393.33324 | E5: 2660.1754 | F5: 2528.0138 | G5: 2738.2317 | H5: 964.98513 | I5: 1003.0733 | J5: 1007.8682 | K5: 447.3605 | L5: 440.98646 | M5: 506.15738 | N5: 447.3605 | O5: 335.69039 | P5: 440.98646 | Q5: 329.69321 | R5: 506.15738 | S5: 335.54183
A6: 2017-03-01 | B6: 398.61324 | C6: 396.93024 | D6: 419.97524 | E6: 2532.9703 | F6: 2519.989 | G6: 2452.3612 | H6: 984.58387 | I6: 1017.8302 | J6: 977.98855 | K6: 459.15759 | L6: 448.33995 | M6: 517.90242 | N6: 459.15759 | O6: 340.15321 | P6: 448.33995 | Q6: 329.72262 | R6: 517.90242 | S6: 338.66995
A7: 2017-03-02 | B7: 400.42724 | C7: 415.12323 | D7: 261.51024 | E7: 2594.6606 | F7: 2516.6114 | G7: 2494.4752 | H7: 976.28557 | I7: 1021.6394 | J7: 795.4489 | K7: 455.37337 | L7: 448.21361 | M7: 417.3969 | N7: 455.37337 | O7: 339.82448 | P7: 448.21361 | Q7: 329.98526 | R7: 417.3969 | S7: 287.67986
A8: 2017-03-03 | B8: 400.42724 | C8: 415.12323 | D8: 261.51024 | E8: 2594.6606 | F8: 2516.6114 | G8: 2494.4752 | H8: 976.28557 | I8: 1021.6394 | J8: 795.4489 | K8: 455.37337 | L8: 448.21361 | M8: 417.3969 | N8: 455.37337 | O8: 339.82448 | P8: 448.21361 | Q8: 329.98526 | R8: 417.3969 | S8: 287.67986
A9: 2017-03-04 | B9: 422.17025 | C9: 412.75324 | D9: 0 | E9: 2446.6512 | F9: 2385.7797 | G9: 0 | H9: 966.1867 | I9: 1013.8861 | J9: 58.930206 | K9: 455.24669 | L9: 442.75222 | M9: 67.653241 | N9: 455.24669 | O9: 339.10285 | P9: 442.75222 | Q9: 330.40596 | R9: 67.653241 | S9: 61.447348
A10: 2017-03-05 | B10: 391.73124 | C10: 400.04724 | D10: 255.42424 | E10: 2603.0732 | F10: 2598.3228 | G10: 0 | H10: 965.37537 | I10: 1016.3007 | J10: 759.43305 | K10: 455.67715 | L10: 444.70563 | M10: 418.65448 | N10: 455.67715 | O10: 338.25471 | P10: 444.70563 | Q10: 329.46077 | R10: 418.65448 | S10: 295.56453
A11: 2017-03-06 | B11: 404.18323 | C11: 411.75923 | D11: 401.49024 | E11: 2486.1112 | F11: 2502.5815 | G11: 2544.1605 | H11: 962.46656 | I11: 1013.6157 | J11: 993.44135 | K11: 459.90142 | L11: 451.59922 | M11: 513.06476 | N11: 459.90142 | O11: 339.3621 | P11: 451.59922 | Q11: 330.32429 | R11: 513.06476 | S11: 336.91641
A12: 2017-03-07 | B12: 402.48125 | C12: 382.21624 | D12: 379.62423 | E12: 2647.6002 | F12: 2718.1815 | G12: 2726.5296 | H12: 985.27793 | I12: 1011.9726 | J12: 989.35266 | K12: 462.12218 | L12: 446.56402 | M12: 512.02244 | N12: 462.12218 | O12: 339.54479 | P12: 446.56402 | Q12: 329.49891 | R12: 512.02244 | S12: 337.28466
A13: 2017-03-08 | B13: 390.84624 | C13: 383.05824 | D13: 362.87424 | E13: 2600.8601 | F13: 2668.1671 | G13: 2823.2713 | H13: 969.14274 | I13: 1009.1883 | J13: 984.70301 | K13: 458.7317 | L13: 443.94587 | M13: 510.53425 | N13: 458.7317 | O13: 339.54398 | P13: 443.94587 | Q13: 330.53939 | R13: 510.53425 | S13: 337.02204
A14: 2017-03-09 | B14: 382.90224 | C14: 387.47724 | D14: 374.75223 | E14: 2532.2875 | F14: 2538.8579 | G14: 2606.0382 | H14: 968.68449 | I14: 1009.3436 | J14: 996.13984 | K14: 459.55534 | L14: 441.49993 | M14: 510.1608 | N14: 459.55534 | O14: 339.41143 | P14: 441.49993 | Q14: 331.01268 | R14: 510.1608 | S14: 336.96392
A15: 2017-03-10 | B15: 408.94624 | C15: 404.90824 | D15: 399.74724 | E15: 2551.1097 | F15: 2564.4099 | G15: 2576.3431 | H15: 963.46082 | I15: 1020.7534 | J15: 997.91965 | K15: 458.16496 | L15: 446.46583 | M15: 508.84246 | N15: 458.16496 | O15: 339.21685 | P15: 446.46583 | Q15: 331.08262 | R15: 508.84246 | S15: 336.43734
A16: 2017-03-11 | B16: 397.01123 | C16: 409.11324 | D16: 385.23524 | E16: 2563.7641 | F16: 2457.2237 | G16: 2662.2869 | H16: 958.31767 | I16: 1015.6786 | J16: 984.93251 | K16: 461.3218 | L16: 450.39554 | M16: 521.24021 | N16: 461.3218 | O16: 339.74405 | P16: 450.39554 | Q16: 333.29919 | R16: 521.24021 | S16: 337.2833
... A33: 2017-03-28 | B33: 454.59124 | C33: 447.52224 | D33: 456.07925 | E33: 2230.3935 | F33: 2233.266 | G33: 2208.9861 | H33: 950.90799 | I33: 1006.8076 | J33: 966.82937 | K33: 477.51628 | L33: 459.92162 | M33: 533.19554 | N33: 477.51628 | O33: 345.65093 | P33: 459.92162 | Q33: 333.23989 | R33: 533.19554 | S33: 337.78003
A34: 2017-03-29
A35: 2017-03-30 | B35: 392.61324 | C35: 385.64424 | D35: 396.26024 | E35: 2565.1209 | F35: 2589.0407 | G35: 2509.3871 | H35: 947.91971 | I35: 1010.2911 | J35: 977.35138 | K35: 472.60944 | L35: 461.11778 | M35: 527.53847 | N35: 472.60944 | O35: 342.94905 | P35: 461.11778 | Q35: 333.52773 | R35: 527.53847 | S35: 336.29785
A36: 2017-03-31 | B36: 350.57424 | C36: 363.48224 | D36: 402.80424 | E36: 2935.4646 | F36: 2796.895 | G36: 2525.8106 | H36: 943.42072 | I36: 1004.0635 | J36: 996.34037 | K36: 471.20559 | L36: 459.25583 | M36: 532.43429 | N36: 471.20559 | O36: 341.86194 | P36: 459.25583 | Q36: 333.24778 | R36: 532.43429 | S36: 337.86447
A37: 2017-04-01 | B37: 409.11124 | C37: 426.06924 | D37: 417.11925 | E37: 2483.3143 | F37: 2382.5749 | G37: 2453.0979 | H37: 933.99136 | I37: 999.9957 | J37: 986.25124 | K37: 470.90212 | L37: 460.58875 | M37: 536.37035 | N37: 470.90212 | O37: 343.31996 | P37: 460.58875 | Q37: 334.61824 | R37: 536.37035 | S37: 337.95115
A38: 2017-04-02 | B38: 449.09324 | C38: 448.92724 | D38: 446.64124 | E38: 2264.223 | F38: 2273.8328 | G38: 2276.6407 | H38: 940.6127 | I38: 1000.0129 | J38: 982.24112 | K38: 474.04477 | L38: 462.81153 | M38: 535.06956 | N38: 474.04477 | O38: 342.81378 | P38: 462.81153 | Q38: 333.47633 | R38: 535.06956 | S38: 338.45619
A39: 2017-04-03 | B39: 433.68124 | C39: 439.22623 | D39: 211.38924 | E39: 2362.4964 | F39: 2362.8458 | G39: 0 | H39: 949.16216 | I39: 999.0139 | J39: 653.26666 | K39: 481.76216 | L39: 467.33971 | M39: 360.39205 | N39: 481.76216 | O39: 344.13754 | P39: 467.33971 | Q39: 337.09755 | R39: 360.39205 | S39: 253.70252
A40: 2017-04-04 | B40: 447.42024 | C40: 449.07124 | D40: 0 | E40: 2301.856 | F40: 2224.7983 | G40: 0 | H40: 954.61044 | I40: 994.24878 | J40: 48.165225 | K40: 488.86568 | L40: 468.22692 | M40: 51.506049 | N40: 488.86568 | O40: 347.66304 | P40: 468.22692 | Q40: 336.31021 | R40: 51.506049 | S40: 42.920395
A41: 2017-04-05
A42: 2017-04-06 | B42: 426.85024 | C42: 427.03823 | D42: 0 | E42: 2398.6278 | F42: 2397.2965 | G42: 0 | H42: 927.77382 | I42: 994.10954 | J42: 25.128564 | K42: 484.42369 | L42: 462.70371 | M42: 24.535231 | N42: 484.42369 | O42: 345.43295 | P42: 462.70371 | Q42: 335.52826 | R42: 24.535231 | S42: 22.072018
A43: 2017-04-07 | B43: 434.14424 | C43: 418.37624 | D43: 0 | E43: 2332.8067 | F43: 2402.9577 | G43: 0 | H43: 930.32445 | I43: 994.30877 | J43: 27.431632 | K43: 474.46896 | L43: 456.31835 | M43: 20.917228 | N43: 474.46896 | O43: 342.50473 | P43: 456.31835 | Q43: 333.12109 | R43: 20.917228 | S43: 18.835122
A44: 2017-04-08 | B44: 432.21224 | C44: 428.68424 | D44: 0 | E44: 2338.6921 | F44: 2392.7558 | G44: 0 | H44: 928.73696 | I44: 997.45799 | J44: 33.01801 | K44: 477.86235 | L44: 459.37806 | M44: 21.508745 | N44: 477.86235 | O44: 342.60831 | P44: 459.37806 | Q44: 331.47647 | R44: 21.508745 | S44: 20.766302
A45: 2017-04-09 | B45: 430.91125 | C45: 412.00724 | D45: 0 | E45: 2216.9365 | F45: 2345.8369 | G45: 0 | H45: 871.57769 | I45: 973.72101 | J45: 261.66542 | K45: 467.75253 | L45: 444.55337 | M45: 22.36319 | N45: 467.75253 | O45: 342.31517 | P45: 444.55337 | Q45: 328.60898 | R45: 22.36319 | S45: 21.978122
A46: 2017-04-10 | B46: 223.93524 | C46: 439.42124 | D46: 0 | E46: 0 | F46: 2310.8789 | G46: 0 | H46: 656.99682 | I46: 994.79683 | J46: 187.10205 | K46: 341.44268 | L46: 462.22983 | M46: 24.676865 | N46: 341.44268 | O46: 261.27964 | P46: 462.22983 | Q46: 332.30357 | R46: 24.676865 | S46: 22.294826
A47: 2017-04-11 | B47: 0 | C47: 416.75424 | D47: 0 | E47: 0 | F47: 2440.4023 | G47: 0 | H47: 66.890489 | I47: 1004.0195 | J47: 154.46599 | K47: 61.777524 | L47: 458.55066 | M47: 24.347949 | N47: 61.777524 | O47: 54.634172 | P47: 458.55066 | Q47: 331.81783 | R47: 24.347949 | S47: 21.132358
A48: 2017-04-12 | B48: 0 | C48: 403.57924 | D48: 0 | E48: 0 | F48: 2526.616 | G48: 0 | H48: 39.623824 | I48: 1014.0326 | J48: 319.53933 | K48: 40.638681 | L48: 460.10241 | M48: 25.475944 | N48: 40.638681 | O48: 30.931281 | P48: 460.10241 | Q48: 330.44464 | R48: 25.475944 | S48: 21.723243
A49: 2017-04-13 | B49: 0 | C49: 386.57224 | D49: 0 | E49: 0 | F49: 2779.1511 | G49: 0 | H49: 33.811256 | I49: 1015.1616 | J49: 439.00779 | K49: 32.527359 | L49: 454.81814 | M49: 24.407488 | N49: 32.527359 | O49: 25.632211 | P49: 454.81814 | Q49: 329.57152 | R49: 24.407488 | S49: 20.218191
A50: 2017-04-14 | B50: 0 | C50: 445.59624 | D50: 0 | E50: 0 | F50: 2380.4222 | G50: 0 | H50: 29.750305 | I50: 1012.4079 | J50: 459.95398 | K50: 25.781777 | L50: 467.03156 | M50: 21.882654 | N50: 25.781777 | O50: 19.221845 | P50: 467.03156 | Q50: 331.01538 | R50: 21.882654 | S50: 18.064443
A51: 2017-04-15 | B51: 0 | C51: 405.65924 | D51: 0 | E51: 0 | F51: 2535.6281 | G51: 0 | H51: 28.842221 | I51: 1017.6799 | J51: 376.96334 | K51: 25.398436 | L51: 467.83475 | M51: 22.872731 | N51: 25.398436 | O51: 19.945965 | P51: 467.83475 | Q51: 330.01752 | R51: 22.872731 | S51: 19.087224
A52: 2017-04-16 | B52: 0 | C52: 197.67424 | D52: 0 | E52: 0 | F52: 1708.1956 | G52: 0 | H52: 28.934039 | I52: 721.7945 | J52: 227.88888 | K52: 25.15298 | L52: 327.37912 | M52: 25.009672 | N52: 25.15298 | O52: 21.64313 | P52: 327.37912 | Q52: 240.25728 | R52: 25.009672 | S52: 20.38843
A53: 2017-04-17
A54: 2017-04-18 | B54: 4.1542298 | C54: 3.8762299 | D54: 5.4232299 | E54: 0 | F54: 0 | G54: 0 | H54: 29.884512 | I54: 36.875775 | J54: 99.330864 | K54: 26.700117 | L54: 39.875814 | M54: 25.189473 | N54: 26.700117 | O54: 24.050892 | P54: 39.875814 | Q54: 22.243461 | R54: 25.189473 | S54: 24.803581
A55: 2017-04-19 | B55: 0 | C55: 0 | D55: 0 | E55: 0 | F55: 0 | G55: 0 | H55: 30.948862 | I55: 94.11309 | J55: 56.281167 | K55: 27.910583 | L55: 34.742641 | M55: 25.342096 | N55: 27.910583 | O55: 24.869388 | P55: 34.742641 | Q55: 16.153042 | R55: 25.342096 | S55: 19.709209
A56: 2017-04-20
A57: 2017-04-21 | B57: 0 | C57: 0 | D57: 0 | E57: 0 | F57: 0 | G57: 0 | H57: 30.069996 | I57: 231.36041 | J57: 37.608059 | K57: 27.941989 | L57: 28.310387 | M57: 29.828917 | N57: 27.941989 | O57: 24.899136 | P57: 28.310387 | Q57: 12.747079 | R57: 29.828917 | S57: 26.281566
A58: 2017-04-22 | B58: 164.86624 | C58: 0 | D58: 236.65724 | E58: 2252.8959 | F58: 0 | G58: 1455.7889 | H58: 607.89816 | I58: 443.41447 | J58: 740.79935 | K58: 234.87929 | L58: 27.242198 | M58: 320.38346 | N58: 234.87929 | O58: 220.62922 | P58: 27.242198 | Q58: 13.445225 | R58: 320.38346 | S58: 265.696
A59: 2017-04-23 | B59: 447.34324 | C59: 0 | D59: 449.17724 | E59: 2418.4854 | F59: 0 | G59: 2310.1513 | H59: 1008.5509 | I59: 458.52757 | J59: 992.04111 | K59: 415.65317 | L59: 25.916577 | M59: 444.58117 | N59: 415.65317 | O59: 340.02626 | P59: 25.916577 | Q59: 13.913285 | R59: 444.58117 | S59: 330.74835
A60: 2017-04-24
A61: 2017-04-25 | B61: 388.65624 | C61: 0 | D61: 409.55524 | E61: 2865.4856 | F61: 0 | G61: 2565.5009 | H61: 1014.9921 | I61: 429.70064 | J61: 990.88008 | K61: 424.3457 | L61: 25.298211 | M61: 456.60551 | N61: 424.3457 | O61: 343.58232 | P61: 25.298211 | Q61: 13.624712 | R61: 456.60551 | S61: 333.62962
A62: 2017-04-26 | B62: 437.47324 | C62: 0 | D62: 430.96323 | E62: 2313.8575 | F62: 0 | G62: 2363.5982 | H62: 995.85476 | I62: 436.35028 | J62: 980.95133 | K62: 429.00261 | L62: 27.678981 | M62: 460.82995 | N62: 429.00261 | O62: 346.47193 | P62: 27.678981 | Q62: 39.312702 | R62: 460.82995 | S62: 334.21021
A63: 2017-04-27 | B63: 431.05225 | C63: 0 | D63: 433.16724 | E63: 2492.338 | F63: 0 | G63: 2341.2534 | H63: 1008.2497 | I63: 371.78073 | J63: 995.13815 | K63: 427.86441 | L63: 33.467756 | M63: 465.39088 | N63: 427.86441 | O63: 344.74077 | P63: 33.467756 | Q63: 49.058965 | R63: 465.39088 | S63: 332.70251
A64: 2017-04-28 | B64: 409.27423 | C64: 263.78324 | D64: 412.59824 | E64: 2402.1486 | F64: 2349.8305 | G64: 2330.7982 | H64: 987.93909 | I64: 805.74787 | J64: 984.87571 | K64: 420.46612 | L64: 273.55696 | M64: 452.52315 | N64: 420.46612 | O64: 342.11672 | P64: 273.55696 | Q64: 272.56952 | R64: 452.52315 | S64: 329.0508
A65: 2017-04-29 | B65: 435.67024 | C65: 428.95024 | D65: 451.12724 | E65: 2349.7213 | F65: 2318.8423 | G65: 2277.7228 | H65: 990.22325 | I65: 1013.363 | J65: 998.68011 | K65: 430.81151 | L65: 379.99856 | M65: 465.38767 | N65: 430.81151 | O65: 347.09137 | P65: 379.99856 | Q65: 325.81943 | R65: 465.38767 | S65: 336.46161
A66: 2017-04-30 | B66: 451.09524 | C66: 454.62724 | D66: 467.56924 | E66: 2230.26 | F66: 2232.7466 | G66: 2194.0288 | H66: 989.54326 | I66: 1008.677 | J66: 989.5949 | K66: 431.73169 | L66: 387.12905 | M66: 462.28955 | N66: 431.73169 | O66: 346.7122 | P66: 387.12905 | Q66: 328.46418 | R66: 462.28955 | S66: 335.45598
A67: 2017-05-01 | B67: 449.01924 | C67: 441.10724 | D67: 441.18024 | E67: 2298.5358 | F67: 2320.0481 | G67: 2333.8739 | H67: 988.54501 | I67: 1011.4392 | J67: 991.7712 | K67: 439.62588 | L67: 393.31851 | M67: 473.65679 | N67: 439.62588 | O67: 350.14013 | P67: 393.31851 | Q67: 330.12305 | R67: 473.65679 | S67: 335.92723
A68: 2017-05-02
A69: 2017-05-03 | B69: 434.24225 | C69: 444.34824 | D69: 439.26624 | E69: 2356.3601 | F69: 2312.4044 | G69: 2327.3577 | H69: 988.72852 | I69: 1014.258 | J69: 995.92474 | K69: 439.58989 | L69: 395.13564 | M69: 469.00812 | N69: 439.58989 | O69: 349.56148 | P69: 395.13564 | Q69: 331.21223 | R69: 469.00812 | S69: 336.1074
A70: 2017-05-04 | B70: 431.96624 | C70: 422.61223 | D70: 424.23424 | E70: 2379.5058 | F70: 2346.0698 | G70: 2389.3715 | H70: 994.74715 | I70: 1015.312 | J70: 994.71062 | K70: 436.42019 | L70: 390.20678 | M70: 465.05389 | N70: 436.42019 | O70: 348.52595 | P70: 390.20678 | Q70: 330.18291 | R70: 465.05389 | S70: 335.29042
A71: 2017-05-05 | B71: 428.59924 | C71: 428.53524 | D71: 427.29124 | E71: 2432.4217 | F71: 2469.0491 | G71: 2472.6585 | H71: 985.23589 | I71: 1013.5838 | J71: 1000.318 | K71: 438.21416 | L71: 393.53268 | M71: 467.4631 | N71: 438.21416 | O71: 347.55528 | P71: 393.53268 | Q71: 331.04003 | R71: 467.4631 | S71: 334.99444
A72: 2017-05-06 | B72: 443.45024 | C72: 442.07824 | D72: 441.76524 | E72: 2271.6675 | F72: 2259.1695 | G72: 2335.2361 | H72: 979.88663 | I72: 1016.7963 | J72: 996.87995 | K72: 435.33532 | L72: 394.68209 | M72: 469.39989 | N72: 435.33532 | O72: 347.25342 | P72: 394.68209 | Q72: 331.51868 | R72: 469.39989 | S72: 336.45582
A73: 2017-05-07 | B73: 438.00825 | C73: 427.53424 | D73: 428.93324 | E73: 2275.828 | F73: 2319.001 | G73: 2362.0638 | H73: 972.24446 | I73: 1019.3849 | J73: 995.54324 | K73: 445.14043 | L73: 398.1 | M73: 473.33124 | N73: 445.14043 | O73: 351.39319 | P73: 398.1 | Q73: 331.20258 | R73: 473.33124 | S73: 338.18204
A74: 2017-05-08
A75: 2017-05-09 | B75: 411.24824 | C75: 412.91424 | D75: 416.60824 | E75: 2308.9296 | F75: 2237.2662 | G75: 2253.4528 | H75: 985.55226 | I75: 1012.2212 | J75: 994.31813 | K75: 420.70282 | L75: 382.83695 | M75: 445.99044 | N75: 420.70282 | O75: 338.63822 | P75: 382.83695 | Q75: 321.11067 | R75: 445.99044 | S75: 325.12745
A76: 2017-05-10 | B76: 390.39325 | C76: 391.79624 | D76: 391.55924 | E76: 2344.321 | F76: 2318.3587 | G76: 2324.4202 | H76: 979.04512 | I76: 1018.1911 | J76: 999.29238 | K76: 421.18846 | L76: 382.74365 | M76: 445.41413 | N76: 421.18846 | O76: 337.64599 | P76: 382.74365 | Q76: 321.15336 | R76: 445.41413 | S76: 324.32666
A77: 2017-05-11 | B77: 417.37624 | C77: 415.81024 | D77: 419.02324 | E77: 2332.9347 | F77: 2308.4383 | G77: 2341.2514 | H77: 974.87418 | I77: 1016.2968 | J77: 1000.2641 | K77: 425.13711 | L77: 390.34804 | M77: 458.06774 | N77: 425.13711 | O77: 339.54903 | P77: 390.34804 | Q77: 325.37298 | R77: 458.06774 | S77: 329.20238
A78: 2017-05-12 | B78: 443.17224 | C78: 440.66524 | D78: 440.21925 | E78: 2283.308 | F78: 2299.6725 | G78: 2331.8261 | H78: 973.65164 | I78: 1026.4019 | J78: 998.11435 | K78: 437.59459 | L78: 398.4687 | M78: 470.7835 | N78: 437.59459 | O78: 344.75355 | P78: 398.4687 | Q78: 328.73461 | R78: 470.7835 | S78: 334.01567
A79: 2017-05-13 | B79: 431.82724 | C79: 431.62424 | D79: 434.05624 | E79: 2390.4247 | F79: 2385.5065 | G79: 2407.4306 | H79: 965.80011 | I79: 1020.0546 | J79: 1006.4097 | K79: 434.13446 | L79: 401.49256 | M79: 467.69802 | N79: 434.13446 | O79: 343.64737 | P79: 401.49256 | Q79: 330.2932 | R79: 467.69802 | S79: 331.96029
A80: 2017-05-14 | B80: 439.40724 | C80: 441.38024 | D80: 446.45025 | E80: 2308.8969 | F80: 2309.2689 | G80: 2369.5844 | H80: 969.57776 | I80: 1017.7252 | J80: 996.95217 | K80: 436.26403 | L80: 401.51632 | M80: 470.46098 | N80: 436.26403 | O80: 344.54707 | P80: 401.51632 | Q80: 330.24286 | R80: 470.46098 | S80: 333.53459
A81: 2017-05-15
A82: 2017-05-16 | B82: 422.54624 | C82: 434.94524 | D82: 425.79224 | E82: 2444.5257 | F82: 2358.1394 | G82: 2432.3011 | H82: 987.34712 | I82: 1023.3204 | J82: 1005.996 | K82: 429.46499 | L82: 399.35079 | M82: 464.2496 | N82: 429.46499 | O82: 343.0187 | P82: 399.35079 | Q82: 328.74549 | R82: 464.2496 | S82: 332.25045
A83: 2017-05-17 | B83: 435.07623 | C83: 430.34224 | D83: 429.44824 | E83: 2305.0556 | F83: 2305.9022 | G83: 2357.5704 | H83: 983.32734 | I83: 1027.8382 | J83: 1007.8016 | K83: 433.45156 | L83: 404.94663 | M83: 466.62775 | N83: 433.45156 | O83: 345.06861 | P83: 404.94663 | Q83: 330.03556 | R83: 466.62775 | S83: 332.55522
A84: 2017-05-18 | B84: 424.64924 | C84: 414.46724 | D84: 412.46624 | E84: 2391.6141 | F84: 2494.1583 | G84: 2440.9668 | H84: 971.71633 | I84: 1036.7738 | J84: 1012.7388 | K84: 431.6557 | L84: 401.90134 | M84: 463.26679 | N84: 431.6557 | O84: 344.97076 | P84: 401.90134 | Q84: 327.13544 | R84: 463.26679 | S84: 331.31356
A85: 2017-05-19 | B85: 399.83324 | C85: 400.49525 | D85: 409.48024 | E85: 2484.0562 | F85: 2541.1996 | G85: 2547.0416 | H85: 968.30149 | I85: 1025.6094 | J85: 1011.0875 | K85: 429.21076 | L85: 399.80873 | M85: 464.15586 | N85: 429.21076 | O85: 343.43966 | P85: 399.80873 | Q85: 327.87137 | R85: 464.15586 | S85: 331.30233
A86: 2017-05-20 | B86: 440.68824 | C86: 442.72024 | D86: 442.73023 | E86: 2278.9379 | F86: 2296.6567 | G86: 2314.5184 | H86: 959.45699 | I86: 1019.2638 | J86: 1000.2632 | K86: 429.94066 | L86: 430.52037 | M86: 465.88934 | N86: 429.94066 | O86: 342.75294 | P86: 430.52037 | Q86: 331.19785 | R86: 465.88934 | S86: 330.96923
A87: 2017-05-21
A88: 2017-05-22
A89: 2017-05-23 | B89: 442.65724 | C89: 441.96124 | D89: 444.44924 | E89: 2303.2053 | F89: 2312.1132 | G89: 2305.0814 | H89: 1006.4844 | I89: 1034.0631 | J89: 1000.5002 | K89: 438.99524 | L89: 434.68129 | M89: 470.27235 | N89: 438.99524 | O89: 345.86428 | P89: 434.68129 | Q89: 330.25303 | R89: 470.27235 | S89: 333.5006
A90: 2017-05-24 | B90: 441.34124 | C90: 442.01425 | D90: 441.71624 | E90: 2347.611 | F90: 2379.9637 | G90: 2377.1981 | H90: 1002.4471 | I90: 1032.4401 | J90: 1012.0427 | K90: 435.59939 | L90: 435.70923 | M90: 468.40498 | N90: 435.59939 | O90: 344.64091 | P90: 435.70923 | Q90: 332.15306 | R90: 468.40498 | S90: 333.2459
A91: 2017-05-25 | B91: 441.17225 | C91: 443.01424 | D91: 441.88924 | E91: 2297.3671 | F91: 2294.3931 | G91: 2285.7763 | H91: 981.84182 | I91: 1028.7437 | J91: 1000.8119 | K91: 438.68554 | L91: 437.84542 | M91: 474.17947 | N91: 438.68554 | O91: 345.70439 | P91: 437.84542 | Q91: 332.21769 | R91: 474.17947 | S91: 333.44671
A92: 2017-05-26 | B92: 444.31924 | C92: 442.12324 | D92: 441.67224 | E92: 2332.1626 | F92: 2345.2139 | G92: 2373.8167 | H92: 969.55363 | I92: 1016.62 | J92: 995.76682 | K92: 434.61027 | L92: 437.83515 | M92: 472.91128 | N92: 434.61027 | O92: 344.96867 | P92: 437.83515 | Q92: 330.89231 | R92: 472.91128 | S92: 331.96899
A93: 2017-05-27 | B93: 443.30624 | C93: 445.34524 | D93: 446.49324 | E93: 2265.6633 | F93: 2292.0045 | G93: 2287.5902 | H93: 964.09775 | I93: 1010.9205 | J93: 992.55394 | K93: 435.4234 | L93: 434.47157 | M93: 475.24629 | N93: 435.4234 | O93: 343.83613 | P93: 434.47157 | Q93: 329.71754 | R93: 475.24629 | S93: 333.99441
A94: 2017-05-28 | B94: 441.93924 | C94: 449.24025 | D94: 447.82424 | E94: 2386.0666 | F94: 2169.5205 | G94: 2295.651 | H94: 955.77458 | I94: 1000.1099 | J94: 991.36223 | K94: 437.19937 | L94: 432.67018 | M94: 476.30231 | N94: 437.19937 | O94: 345.43794 | P94: 432.67018 | Q94: 326.67037 | R94: 476.30231 | S94: 334.44531
A95: 2017-05-29 | B95: 447.60224 | C95: 445.73323 | D95: 445.30424 | E95: 2366.8262 | F95: 2384.2343 | G95: 2404.9406 | H95: 955.36106 | I95: 1016.9401 | J95: 994.28013 | K95: 437.85491 | L95: 437.64737 | M95: 479.66374 | N95: 437.85491 | O95: 347.25351 | P95: 437.64737 | Q95: 330.57366 | R95: 479.66374 | S95: 334.56951
A96: 2017-05-30 | B96: 444.59224 | C96: 445.68024 | D96: 442.63424 | E96: 2435.6277 | F96: 2387.5034 | G96: 2410.6422 | H96: 957.67782 | I96: 1008.9331 | J96: 996.77559 | K96: 442.59696 | L96: 438.50806 | M96: 483.98725 | N96: 442.59696 | O96: 349.05447 | P96: 438.50806 | Q96: 331.80293 | R96: 483.98725 | S96: 336.05501
A97: 2017-05-31 | B97: 441.29524 | C97: 443.37924 | D97: 441.58424 | E97: 2387.8163 | F97: 2363.8298 | G97: 2407.5748 | H97: 953.60098 | I97: 1004.5332 | J97: 986.00689 | K97: 436.66548 | L97: 442.23213 | M97: 486.74673 | N97: 436.66548 | O97: 346.95398 | P97: 442.23213 | Q97: 333.4725 | R97: 486.74673 | S97: 336.00657
A98: 2017-06-01 | B98: 444.47024 | C98: 444.34624 | D98: 444.65424 | E98: 2365.0972 | F98: 2359.6317 | G98: 2366.5128 | H98: 963.74639 | I98: 1017.4334 | J98: 994.90507 | K98: 433.77478 | L98: 437.6944 | M98: 482.73401 | N98: 433.77478 | O98: 347.24424 | P98: 437.6944 | Q98: 331.49183 | R98: 482.73401 | S98: 334.53887
A99: 2017-06-02 | B99: 444.30924 | C99: 444.52323 | D99: 445.80524 | E99: 2314.9199 | F99: 2333.8997 | G99: 2375.5503 | H99: 960.11364 | I99: 1015.2288 | J99: 986.01101 | K99: 428.78187 | L99: 436.05746 | M99: 486.45818 | N99: 428.78187 | O99: 345.66184 | P99: 436.05746 | Q99: 330.02781 | R99: 486.45818 | S99: 335.02716
A100: 2017-06-03 | B100: 449.42625 | C100: 449.17824 | D100: 449.42724 | E100: 2286.0315 | F100: 2248.1999 | G100: 2315.6548 | H100: 961.05651 | I100: 1012.8821 | J100: 998.73097 | K100: 429.63988 | L100: 438.14445 | M100: 485.12714 | N100: 429.63988 | O100: 345.52637 | P100: 438.14445 | Q100: 330.49599 | R100: 485.12714 | S100: 334.62495
... A107: 2017-06-10 | B107: 448.19824 | C107: 442.90324 | D107: 445.44623 | E107: 2250.1149 | F107: 2310.8163 | G107: 2255.8143 | H107: 959.65367 | I107: 1017.3904 | J107: 986.90237 | K107: 438.5968 | L107: 437.54026 | M107: 488.61041 | N107: 438.5968 | O107: 349.05256 | P107: 437.54026 | Q107: 328.1308 | R107: 488.61041 | S107: 338.0866
A108: 2017-06-11
A109: 2017-06-12 | B109: 446.02624 | C109: 447.39124 | D109: 447.99824 | E109: 2309.1863 | F109: 2309.4562 | G109: 2302.491 | H109: 962.94116 | I109: 1013.9116 | J109: 1000.5426 | K109: 435.81931 | L109: 440.26862 | M109: 485.58498 | N109: 435.81931 | O109: 346.68731 | P109: 440.26862 | Q109: 329.45603 | R109: 485.58498 | S109: 335.56808
A110: 2017-06-13 | B110: 442.47524 | C110: 444.93324 | D110: 443.07624 | E110: 2366.9606 | F110: 2338.787 | G110: 2333.4749 | H110: 969.32717 | I110: 1019.9748 | J110: 1008.5854 | K110: 431.74627 | L110: 438.9603 | M110: 488.29443 | N110: 431.74627 | O110: 345.08668 | P110: 438.9603 | Q110: 330.11774 | R110: 488.29443 | S110: 336.12264
A111: 2017-06-14 | B111: 442.61524 | C111: 443.49123 | D111: 443.91724 | E111: 2278.4861 | F111: 2277.9001 | G111: 2302.7368 | H111: 967.03875 | I111: 1016.1233 | J111: 1003.1051 | K111: 436.97897 | L111: 441.60016 | M111: 492.01901 | N111: 436.97897 | O111: 346.64338 | P111: 441.60016 | Q111: 331.01633 | R111: 492.01901 | S111: 337.19382
A112: 2017-06-15 | B112: 447.22324 | C112: 446.75924 | D112: 446.38224 | E112: 2302.8916 | F112: 2283.1762 | G112: 2321.3866 | H112: 953.99143 | I112: 1008.297 | J112: 999.46074 | K112: 435.29721 | L112: 440.20091 | M112: 490.65753 | N112: 435.29721 | O112: 345.83547 | P112: 440.20091 | Q112: 328.93024 | R112: 490.65753 | S112: 334.47392
A113: 2017-06-16 | B113: 443.87324 | C113: 448.19323 | D113: 446.86224 | E113: 2379.3717 | F113: 2339.5982 | G113: 2356.7924 | H113: 945.92086 | I113: 1002.9887 | J113: 1003.3223 | K113: 438.96442 | L113: 440.94333 | M113: 498.26934 | N113: 438.96442 | O113: 347.56909 | P113: 440.94333 | Q113: 329.36018 | R113: 498.26934 | S113: 337.92748
A114: 2017-06-17 | B114: 444.55924 | C114: 441.31824 | D114: 442.92223 | E114: 2317.2052 | F114: 2302.3423 | G114: 2291.7869 | H114: 948.77599 | I114: 1015.0519 | J114: 1003.5697 | K114: 435.5306 | L114: 442.88382 | M114: 492.9415 | N114: 435.5306 | O114: 345.53851 | P114: 442.88382 | Q114: 331.00096 | R114: 492.9415 | S114: 336.44411
A115: 2017-06-18
A116: 2017-06-19 | B116: 446.71624 | C116: 443.07123 | D116: 442.80124 | E116: 2323.2042 | F116: 2335.2179 | G116: 2364.937 | H116: 952.20058 | I116: 1012.5973 | J116: 1001.6082 | K116: 438.35642 | L116: 440.38095 | M116: 491.68213 | N116: 438.35642 | O116: 345.93837 | P116: 440.38095 | Q116: 328.22651 | R116: 491.68213 | S116: 335.62295
A117: 2017-06-20 | B117: 442.82424 | C117: 443.22924 | D117: 442.37024 | E117: 2279.3264 | F117: 2306.9462 | G117: 2337.4454 | H117: 946.75865 | I117: 1013.3365 | J117: 991.5751 | K117: 436.01366 | L117: 439.52773 | M117: 490.47131 | N117: 436.01366 | O117: 345.92024 | P117: 439.52773 | Q117: 330.22246 | R117: 490.47131 | S117: 336.34958
A118: 2017-06-21 | B118: 443.51924 | C118: 440.30924 | D118: 441.76824 | E118: 2378.3207 | F118: 2371.2785 | G118: 2343.0279 | H118: 947.82513 | I118: 1012.7331 | J118: 991.45903 | K118: 438.03332 | L118: 444.19723 | M118: 493.50966 | N118: 438.03332 | O118: 347.16652 | P118: 444.19723 | Q118: 330.5865 | R118: 493.50966 | S118: 336.81341
A119: 2017-06-22 | B119: 444.76224 | C119: 445.43824 | D119: 443.30924 | E119: 2274.9096 | F119: 2312.1571 | G119: 2290.5279 | H119: 942.16108 | I119: 1013.8133 | J119: 988.48783 | K119: 433.90937 | L119: 445.58186 | M119: 492.7062 | N119: 433.90937 | O119: 345.34951 | P119: 445.58186 | Q119: 329.21011 | R119: 492.7062 | S119: 336.20894
A120: 2017-06-23 | B120: 441.53524 | C120: 440.61624 | D120: 442.07124 | E120: 2299.6441 | F120: 2381.4159 | G120: 2392.2617 | H120: 947.84323 | I120: 1016.3764 | J120: 986.02497 | K120: 428.35587 | L120: 445.12325 | M120: 490.67507 | N120: 428.35587 | O120: 342.21361 | P120: 445.12325 | Q120: 327.80606 | R120: 490.67507 | S120: 335.59873
A121: 2017-06-24 | B121: 442.94624 | C121: 444.12924 | D121: 442.30524 | E121: 2389.6833 | F121: 2379.293 | G121: 2413.3387 | H121: 977.91324 | I121: 1019.8259 | J121: 993.2511 | K121: 427.8642 | L121: 444.42334 | M121: 492.43938 | N121: 427.8642 | O121: 342.0898 | P121: 444.42334 | Q121: 327.00273 | R121: 492.43938 | S121: 335.35798
A122: 2017-06-25
...

Sheet 工作表2
B1: 112 | I1: 113 | P1: 114
A2: 日期 | B2: 一號爐 | I2: 二號爐 | P2: 三號爐
B3: 出口 NH3 | C3: 出口 NOx | D3: 出口 CO | E3: 出口 H2O | F3: 出口 SOx | G3: 出口 HCL | H3: 出口 O2 | I3: 出口 NH3 | J3: 出口 NOx | K3: 出口 CO | L3: 出口 H2O | M3: 出口 SOx | N3: 出口 HCL | O3: 出口 O2 | P3: 出口 NH3 | Q3: 出口 NOx | R3: 出口 CO | S3: 出口 H2O | T3: 出口 SOx | U3: 出口 HCL | V3: 出口 O2
B4: PPM | C4: PPM | D4: PPM | E4: VOL% | F4: PPM | G4: PPM | H4: VOL% | I4: PPM | J4: PPM | K4: PPM | L4: VOL% | M4: PPM | N4: PPM | O4: VOL% | P4: PPM | Q4: PPM | R4: PPM | S4: VOL% | T4: PPM | U4: PPM | V4: VOL%
A5: 2017-02-24 | B5: 1.0737522 | C5: 97.360997 | D5: 10.255992 | E5: 15.976589 | F5: 33.507258 | G5: 537.56134 | H5: 6.9865034 | I5: 0.21258599 | J5: 78.739394 | K5: 3.7325001 | L5: 18.587704 | M5: 18.614559 | N5: 508.02138 | O5: 8.4447447 | P5: 2.4039878 | Q5: 76.703072 | R5: 8.8836583 | S5: 20.114848 | T5: 31.053825 | U5: 565.11046 | V5: 8.0236014
A6: 2017-03-01 | B6: 1.0812209 | C6: 93.877566 | D6: 5.6861479 | E6: 16.575604 | F6: 25.991672 | G6: 466.85777 | H6: 7.2853113 | I6: 0.12948081 | J6: 81.122139 | K6: 4.3646735 | L6: 19.432777 | M6: 11.408007 | N6: 461.13713 | O6: 7.7722045 | P6: 1.5805359 | Q6: 84.761935 | R6: 4.9962588 | S6: 20.179582 | T6: 26.742217 | U6: 595.70546 | V6: 7.5602917
A7: 2017-03-02 | B7: 1.1077576 | C7: 96.736011 | D7: 9.212547 | E7: 16.536703 | F7: 25.247527 | G7: 496.83416 | H7: 7.3208471 | I7: 0.074396395 | J7: 81.353725 | K7: 3.6318099 | L7: 19.714884 | M7: 15.474702 | N7: 509.63385 | O7: 7.6954915 | P7: 2.1237054 | Q7: 78.555617 | R7: 33.001538 | S7: 21.43399 | T7: 28.492833 | U7: 537.97411 | V7: 7.5325763
A8: 2017-03-03 | B8: 1.1077576 | C8: 96.736011 | D8: 9.212547 | E8: 16.536703 | F8: 25.247527 | G8: 496.83416 | H8: 7.3208471 | I8: 0.074396395 | J8: 81.353725 | K8: 3.6318099 | L8: 19.714884 | M8: 15.474702 | N8: 509.63385 | O8: 7.6954915 | P8: 2.1237054 | Q8: 78.555617 | R8: 33.001538 | S8: 21.43399 | T8: 28.492833 | U8: 537.97411 | V8: 7.5325763
A9: 2017-03-04 | B9: 2.4935361 | C9: 102.79936 | D9: 18.783485 | E9: 17.377169 | F9: 33.560622 | G9: 518.59154 | H9: 6.944303 | I9: 0.10932119 | J9: 80.875429 | K9: 3.217768 | L9: 19.464193 | M9: 16.930179 | N9: 481.40284 | O9: 7.8434528 | P9: 2.160547 | Q9: 79.03125 | R9: 101.55938 | S9: 18.93375 | T9: 38.368752 | U9: 23.75 | V9: 0
A10: 2017-03-05 | B10: 1.0760661 | C10: 91.295637 | D10: 9.8489382 | E10: 17.213447 | F10: 20.966284 | G10: 547.52984 | H10: 6.7498981 | I10: 0.13766706 | J10: 80.508476 | K10: 3.3130542 | L10: 19.166585 | M10: 13.436669 | N10: 526.31237 | O10: 7.7967828 | P10: 1.6444279 | Q10: 83.114893 | R10: 45.114232 | S10: 18.806263 | T10: 22.415669 | U10: 391.54417 | V10: 7.0640565
A11: 2017-03-06 | B11: 1.0310282 | C11: 90.90224 | D11: 7.4786176 | E11: 17.78026 | F11: 23.008371 | G11: 479.38905 | H11: 6.9002083 | I11: 0.1422392 | J11: 81.083461 | K11: 3.2489051 | L11: 19.908101 | M11: 15.15194 | N11: 421.39115 | O11: 7.7927295 | P11: 1.1340802 | Q11: 90.063951 | R11: 4.5295041 | S11: 19.214965 | T11: 27.508054 | U11: 563.69276 | V11: 7.8901415
A12: 2017-03-07 | B12: 1.1204962 | C12: 91.043564 | D12: 6.9828775 | E12: 17.751194 | F12: 23.080027 | G12: 474.59966 | H12: 6.8455643 | I12: 0.2831356 | J12: 80.332698 | K12: 2.7621377 | L12: 18.965175 | M12: 14.797238 | N12: 466.93638 | O12: 8.0305357 | P12: 1.0029463 | Q12: 93.05741 | R12: 3.1032858 | S12: 19.376075 | T12: 34.421811 | U12: 530.85938 | V12: 8.1062653
A13: 2017-03-08 | B13: 1.159313 | C13: 96.671052 | D13: 10.761067 | E13: 16.334966 | F13: 17.202686 | G13: 462.11698 | H13: 7.2489873 | I13: 0.29982464 | J13: 80.852049 | K13: 4.24239 | L13: 18.545011 | M13: 11.47838 | N13: 463.04622 | O13: 8.2662382 | P13: 0.77788072 | Q13: 91.493447 | R13: 5.9633997 | S13: 19.041111 | T13: 27.058438 | U13: 580.56381 | V13: 8.136137
A14: 2017-03-09 | B14: 1.1409245 | C14: 94.819907 | D14: 8.4803394 | E14: 15.908742 | F14: 19.150919 | G14: 486.56854 | H14: 7.2719918 | I14: 0.22272054 | J14: 80.347845 | K14: 8.2430823 | L14: 17.821641 | M14: 11.085442 | N14: 466.98884 | O14: 8.5867395 | P14: 0.83269847 | Q14: 88.698836 | R14: 9.17141 | S14: 18.354566 | T14: 27.500915 | U14: 567.07843 | V14: 8.2427982
A15: 2017-03-10 | B15: 1.1066576 | C15: 95.13593 | D15: 9.4824739 | E15: 16.737143 | F15: 24.58082 | G15: 529.45935 | H15: 7.0237271 | I15: 0.12143925 | J15: 81.490821 | K15: 2.9478669 | L15: 19.679836 | M15: 7.2300958 | N15: 420.44162 | O15: 8.4575353 | P15: 1.1742179 | Q15: 92.701897 | R15: 6.4699957 | S15: 19.156274 | T15: 32.338393 | U15: 544.57326 | V15: 8.2322568
A16: 2017-03-11 | B16: 1.1204087 | C16: 99.463823 | D16: 5.9224028 | E16: 17.331676 | F16: 23.513559 | G16: 442.06411 | H16: 6.7545443 | I16: 0.10987979 | J16: 80.574964 | K16: 1.889154 | L16: 19.66437 | M16: 16.890833 | N16: 448.61544 | O16: 8.2045007 | P16: 1.3399721 | Q16: 89.751635 | R16: 3.7419563 | S16: 20.307867 | T16: 31.848777 | U16: 578.66303 | V16: 7.9204979
... A33: 2017-03-28 | B33: 1.0772931 | C33: 98.450839 | D33: 11.632658 | E33: 18.26974 | F33: 25.411032 | G33: 514.45196 | H33: 6.636247 | I33: 0.72345147 | J33: 80.630226 | K33: 6.012542 | L33: 19.69842 | M33: 12.095934 | N33: 500.17796 | O33: 7.6224885 | P33: 1.3354312 | Q33: 86.63862 | R33: 3.1190962 | S33: 21.034 | T33: 30.769528 | U33: 649.31979 | V33: 7.6986676
A34: 2017-03-29
A35: 2017-03-30 | B35: 1.2366286 | C35: 98.855199 | D35: 5.591546 | E35: 16.164929 | F35: 29.495837 | G35: 528.61945 | H35: 7.3708843 | I35: 0.80751121 | J35: 76.677612 | K35: 4.8147392 | L35: 18.836722 | M35: 14.06925 | N35: 452.12779 | O35: 8.0820721 | P35: 1.0394774 | Q35: 81.0694 | R35: 4.9290556 | S35: 19.980764 | T35: 29.425707 | U35: 574.70201 | V35: 7.9461477
A36: 2017-03-31 | B36: 1.2750095 | C36: 100.44014 | D36: 8.5899725 | E36: 16.706532 | F36: 28.431603 | G36: 525.77813 | H36: 7.2486801 | I36: 1.1393254 | J36: 76.690692 | K36: 3.9758038 | L36: 19.387649 | M36: 14.06103 | N36: 468.45825 | O36: 8.0796827 | P36: 0.86044586 | Q36: 76.115139 | R36: 7.9225641 | S36: 20.643023 | T36: 45.808261 | U36: 635.47304 | V36: 7.9688393
A37: 2017-04-01 | B37: 1.168129 | C37: 100.43693 | D37: 6.9850499 | E37: 17.467742 | F37: 21.463761 | G37: 448.73581 | H37: 7.1626688 | I37: 0.66569912 | J37: 74.449158 | K37: 5.0427248 | L37: 20.515205 | M37: 9.8620511 | N37: 391.47556 | O37: 7.7048338 | P37: 1.2277269 | Q37: 75.538927 | R37: 7.8495648 | S37: 20.861707 | T37: 30.86696 | U37: 556.27683 | V37: 7.6471171
A38: 2017-04-02 | B38: 1.1080689 | C38: 95.474376 | D38: 5.9835177 | E38: 18.907597 | F38: 27.152075 | G38: 468.52342 | H38: 6.5019051 | I38: 0.43335005 | J38: 75.099578 | K38: 2.1071967 | L38: 21.262959 | M38: 10.626552 | N38: 448.53296 | O38: 7.4490678 | P38: 0.95739529 | Q38: 78.062367 | R38: 4.9479266 | S38: 21.191945 | T38: 30.786153 | U38: 580.8382 | V38: 7.6717833
A39: 2017-04-03 | B39: 1.1620887 | C39: 94.79951 | D39: 4.2961538 | E39: 18.756546 | F39: 35.762946 | G39: 469.17209 | H39: 6.6683088 | I39: 0.28813507 | J39: 74.547493 | K39: 1.3046644 | L39: 20.271937 | M39: 9.5023023 | N39: 412.35163 | O39: 7.7371186 | P39: 3.3470204 | Q39: 72.362633 | R39: 1.9913413 | S39: 20.405781 | T39: 33.318274 | U39: 547.86885 | V39: 8.0751371
A40: 2017-04-04 | B40: 1.1673608 | C40: 95.21197 | D40: 3.8934785 | E40: 19.549888 | F40: 27.495883 | G40: 442.05603 | H40: 6.0905355 | I40: 0.27801972 | J40: 74.424041 | K40: 1.8143787 | L40: 21.443146 | M40: 6.6797607 | N40: 347.97272 | O40: 7.4309858 | P40: 0.10608977 | Q40: 136.59814 | R40: 2.5162805 | S40: 0.2704462 | T40: 0.47966312 | U40: 7.8935191 | V40: 1.2011537
A41: 2017-04-05
A42: 2017-04-06 | B42: 1.1925084 | C42: 100.35195 | D42: 6.6962764 | E42: 18.956267 | F42: 20.384483 | G42: 430.4021 | H42: 6.4430857 | I42: 0.30151463 | J42: 74.99646 | K42: 3.8810923 | L42: 20.635301 | M42: 9.6289257 | N42: 390.87189 | O42: 7.4778905 | P42: 0 | Q42: 0 | R42: 0 | S42: 0.32749999 | T42: 0 | U42: 11.601183 | V42: 0
A43: 2017-04-07 | B43: 1.1103263 | C43: 97.691737 | D43: 6.4977211 | E43: 18.410922 | F43: 24.634278 | G43: 470.22578 | H43: 6.5259802 | I43: 0.18681008 | J43: 81.78037 | K43: 4.0949471 | L43: 19.124865 | M43: 10.999038 | N43: 413.77589 | O43: 7.9553927 | P43: 0 | Q43: 0 | R43: 0 | S43: 0.32749999 | T43: 0 | U43: 23.6875 | V43: 0
A44: 2017-04-08 | B44: 1.0754331 | C44: 97.711321 | D44: 7.359747 | E44: 18.143398 | F44: 27.188298 | G44: 384.03909 | H44: 6.5697619 | I44: 0.20719777 | J44: 86.462745 | K44: 3.9243021 | L44: 19.761656 | M44: 11.567466 | N44: 407.75561 | O44: 7.6514095 | P44: 0 | Q44: 0 | R44: 0 | S44: 0.32749999 | T44: 0 | U44: 23.725416 | V44: 0
A45: 2017-04-09 | B45: 1.1161377 | C45: 97.635973 | D45: 4.870018 | E45: 19.152824 | F45: 20.234679 | G45: 350.95461 | H45: 7.0900145 | I45: 0.22536055 | J45: 86.941755 | K45: 3.881421 | L45: 20.42554 | M45: 9.0313025 | N45: 397.95994 | O45: 8.0196793 | P45: 0 | Q45: 0 | R45: 0 | S45: 0.32749999 | T45: 0 | U45: 23.78125 | V45: 0
A46: 2017-04-10 | B46: 0.63134515 | C46: 51.884069 | D46: 2.5047926 | E46: 11.070945 | F46: 11.990643 | G46: 206.55425 | H46: 3.2350886 | I46: 0.15774654 | J46: 85.964608 | K46: 2.0954638 | L46: 20.633078 | M46: 13.674516 | N46: 400.32164 | O46: 7.4189662 | P46: 0 | Q46: 0 | R46: 0 | S46: 0.17754067 | T46: 0 | U46: 12.892028 | V46: 0
A47: 2017-04-11 | B47: 0 | C47: 0 | D47: 0 | E47: 0 | F47: 0 | G47: 0 | H47: 0 | I47: 0.15829754 | J47: 86.471199 | K47: 5.3479018 | L47: 20.197156 | M47: 9.4418814 | N47: 456.42886 | O47: 7.4387179 | P47: 0 | Q47: 0 | R47: 0 | S47: 0 | T47: 0 | U47: 0 | V47: 0
A48: 2017-04-12 | B48: 0 | C48: 0 | D48: 0 | E48: 0 | F48: 0 | G48: 3.0962348 | H48: 0 | I48: 0.33907498 | J48: 85.124158 | K48: 3.9101088 | L48: 19.891262 | M48: 8.5032195 | N48: 436.43447 | O48: 7.2236393 | P48: 0 | Q48: 0 | R48: 0 | S48: 0 | T48: 0 | U48: 0 | V48: 0
A49: 2017-04-13 | B49: 0 | C49: 0 | D49: 0 | E49: 7.8747958 | F49: 0 | G49: 11.09375 | H49: 0 | I49: 0.23278204 | J49: 84.853856 | K49: 9.7305932 | L49: 18.885451 | M49: 18.108597 | N49: 528.75926 | O49: 7.5567434 | P49: 0 | Q49: 0 | R49: 0 | S49: 0 | T49: 0 | U49: 0 | V49: 0
A50: 2017-04-14 | B50: 0 | C50: 0 | D50: 0 | E50: 11.15125 | F50: 0 | G50: 10.811994 | H50: 0 | I50: 0.11809305 | J50: 86.879525 | K50: 2.7816911 | L50: 20.488551 | M50: 10.756947 | N50: 473.3436 | O50: 7.2964242 | P50: 0 | Q50: 0 | R50: 0 | S50: 0 | T50: 0 | U50: 0 | V50: 0
A51: 2017-04-15 | B51: 0 | C51: 0 | D51: 0 | E51: 11.15125 | F51: 0 | G51: 9.9984042 | H51: 0 | I51: 0.23467259 | J51: 84.753044 | K51: 2.3772623 | L51: 20.602133 | M51: 14.123322 | N51: 462.85988 | O51: 7.0719747 | P51: 0 | Q51: 0 | R51: 0 | S51: 19.732131 | T51: 0 | U51: 8.2764214 | V51: 0
A52: 2017-04-16 | B52: 0 | C52: 0 | D52: 0 | E52: 6.0402604 | F52: 0 | G52: 5.4335938 | H52: 0 | I52: 0.12540634 | J52: 47.25834 | K52: 3.6603379 | L52: 11.605676 | M52: 5.4849 | N52: 264.45571 | O52: 3.5077321 | P52: 0 | Q52: 0 | R52: 0 | S52: 12.857135 | T52: 0 | U52: 13.11849 | V52: 0
A53: 2017-04-17
A54: 2017-04-18 | B54: 0 | C54: 0 | D54: 0 | E54: 0 | F54: 0 | G54: 0 | H54: 0 | I54: 0 | J54: 0 | K54: 0 | L54: 0 | M54: 0 | N54: 0 | O54: 0 | P54: 0 | Q54: 0 | R54: 0 | S54: 0 | T54: 0 | U54: 0 | V54: 0
A55: 2017-04-19 | B55: 0 | C55: 0 | D55: 0 | E55: 0 | F55: 0 | G55: 0 | H55: 0 | I55: 0 | J55: 0 | K55: 0 | L55: 0 | M55: 0 | N55: 0 | O55: 0 | P55: 0 | Q55: 0 | R55: 0 | S55: 0 | T55: 0 | U55: 0 | V55: 0
A56: 2017-04-20
A57: 2017-04-21 | B57: 0 | C57: 0 | D57: 0 | E57: 0 | F57: 0 | G57: 0 | H57: 0 | I57: 0 | J57: 0 | K57: 0 | L57: 0 | M57: 0 | N57: 12.194932 | O57: 0 | P57: 0 | Q57: 0 | R57: 0 | S57: 0 | T57: 0 | U57: 0 | V57: 0
A58: 2017-04-22 | B58: 0 | C58: 0.84163805 | D58: 5.3307841 | E58: 1.302952 | F58: 0.0034283853 | G58: 0.34743198 | H58: 0 | I58: 0 | J58: 0 | K58: 0 | L58: 0 | M58: 0 | N58: 10.596819 | O58: 0 | P58: 1.7579446 | Q58: 44.925418 | R58: 12.651715 | S58: 11.403545 | T58: 9.4820491 | U58: 238.96647 | V58: 4.7745287
A59: 2017-04-23 | B59: 0.34178413 | C59: 50.268944 | D59: 9.4225165 | E59: 11.659131 | F59: 10.362823 | G59: 215.55321 | H59: 8.616301 | I59: 0 | J59: 0 | K59: 0 | L59: 0 | M59: 0 | N59: 0 | O59: 0 | P59: 1.1929788 | Q59: 87.152031 | R59: 14.143261 | S59: 23.431777 | T59: 15.489615 | U59: 497.40528 | V59: 7.3479801
A60: 2017-04-24
A61: 2017-04-25 | B61: 0.7060905 | C61: 81.408552 | D61: 5.7293555 | E61: 16.168432 | F61: 20.258707 | G61: 289.82011 | H61: 8.5966758 | I61: 0 | J61: 0 | K61: 23.375 | L61: 0 | M61: 0 | N61: 23.46875 | O61: 0 | P61: 0.56650605 | Q61: 93.046916 | R61: 7.8437022 | S61: 22.101519 | T61: 12.682787 | U61: 441.96695 | V61: 7.8026866
A62: 2017-04-26 | B62: 0.66075534 | C62: 82.535103 | D62: 4.9324151 | E62: 16.459033 | F62: 21.363004 | G62: 303.36333 | H62: 8.7773992 | I62: 0 | J62: 0 | K62: 23.375 | L62: 15.75285 | M62: 0 | N62: 23.46875 | O62: 0 | P62: 0.59136821 | Q62: 93.907957 | R62: 5.8461113 | S62: 22.992931 | T62: 16.159509 | U62: 449.82216 | V62: 7.5785267
A63: 2017-04-27 | B63: 0.59187693 | C63: 81.912456 | D63: 5.4673533 | E63: 16.235904 | F63: 26.20327 | G63: 310.90029 | H63: 8.6338268 | I63: 0 | J63: 0 | K63: 23.375 | L63: 23.705 | M63: 0 | N63: 23.457858 | O63: 0 | P63: 0.51297442 | Q63: 92.353595 | R63: 7.7628552 | S63: 22.321919 | T63: 22.36864 | U63: 446.5525 | V63: 7.9456466
A64: 2017-04-28 | B64: 0.78863684 | C64: 84.08967 | D64: 4.3675609 | E64: 18.041494 | F64: 23.214063 | G64: 310.06625 | H64: 7.2509905 | I64: 0.090320414 | J64: 54.038997 | K64: 13.083007 | L64: 20.959866 | M64: 9.1317154 | N64: 230.25434 | O64: 5.4996896 | P64: 0.92640353 | Q64: 92.102849 | R64: 7.7231619 | S64: 21.575551 | T64: 18.436335 | U64: 456.27375 | V64: 8.5719626
A65: 2017-04-29 | B65: 1.158527 | C65: 99.986451 | D65: 4.8179984 | E65: 17.988359 | F65: 22.274466 | G65: 390.93606 | H65: 7.2805618 | I65: 0.03665937 | J65: 93.157822 | K65: 7.1359386 | L65: 19.676023 | M65: 15.758754 | N65: 523.57082 | O65: 8.0998581 | P65: 0.81758904 | Q65: 95.688059 | R65: 6.2184012 | S65: 21.047931 | T65: 21.857701 | U65: 529.3072 | V65: 8.1950087
A66: 2017-04-30 | B66: 1.2908577 | C66: 104.16865 | D66: 5.2925579 | E66: 17.842818 | F66: 24.769445 | G66: 399.77656 | H66: 8.1147435 | I66: 0 | J66: 94.064658 | K66: 3.7724593 | L66: 21.326679 | M66: 16.868292 | N66: 405.27515 | O66: 7.7409593 | P66: 0.8773036 | Q66: 96.678164 | R66: 6.023816 | S66: 22.164734 | T66: 19.08406 | U66: 483.41456 | V66: 7.8827
A67: 2017-05-01 | B67: 1.4174472 | C67: 104.12417 | D67: 4.5823184 | E67: 18.581807 | F67: 18.949398 | G67: 338.58104 | H67: 7.6792237 | I67: 0.0098535155 | J67: 93.403751 | K67: 1.963759 | L67: 21.413924 | M67: 16.602653 | N67: 335.70604 | O67: 7.4885974 | P67: 1.1038243 | Q67: 97.462816 | R67: 3.6172761 | S67: 22.856053 | T67: 14.54047 | U67: 418.06274 | V67: 7.5740303
A68: 2017-05-02
A69: 2017-05-03 | B69: 1.3199841 | C69: 105.84642 | D69: 4.2730001 | E69: 16.849056 | F69: 29.877154 | G69: 332.60696 | H69: 8.4002355 | I69: 0 | J69: 94.154067 | K69: 1.911655 | L69: 21.170863 | M69: 20.633446 | N69: 344.92717 | O69: 7.4448607 | P69: 1.1339065 | Q69: 92.098828 | R69: 3.6529522 | S69: 22.420535 | T69: 19.596537 | U69: 413.80747 | V69: 7.6943067
A70: 2017-05-04 | B70: 1.1251791 | C70: 96.913573 | D70: 4.7865157 | E70: 17.37787 | F70: 32.932651 | G70: 352.69469 | H70: 8.1368175 | I70: 0 | J70: 93.63253 | K70: 5.7457737 | L70: 20.463424 | M70: 24.339615 | N70: 406.6571 | O70: 7.9080175 | P70: 0.92351051 | Q70: 90.781402 | R70: 10.978155 | S70: 21.751509 | T70: 24.231827 | U70: 475.27876 | V70: 7.8913652
A71: 2017-05-05 | B71: 1.2527527 | C71: 95.017356 | D71: 3.7649118 | E71: 17.625708 | F71: 26.529957 | G71: 370.71138 | H71: 8.1018314 | I71: 0.0023502153 | J71: 95.065089 | K71: 2.3274893 | L71: 20.466149 | M71: 20.195694 | N71: 388.11204 | O71: 7.8247248 | P71: 1.3427598 | Q71: 95.028929 | R71: 8.2724997 | S71: 22.753503 | T71: 22.775917 | U71: 467.2898 | V71: 7.4769329
A72: 2017-05-06 | B72: 1.2366809 | C72: 95.72692 | D72: 7.1117175 | E72: 16.810239 | F72: 21.41253 | G72: 323.67249 | H72: 8.4443751 | I72: 0.0027496113 | J72: 94.797873 | K72: 3.1381687 | L72: 20.18814 | M72: 19.456058 | N72: 368.80654 | O72: 8.013595 | P72: 1.9543385 | Q72: 99.985842 | R72: 8.263638 | S72: 22.118384 | T72: 20.08162 | U72: 486.08678 | V72: 7.9363639
A73: 2017-05-07 | B73: 1.1732939 | C73: 99.794271 | D73: 4.2413989 | E73: 17.752541 | F73: 18.303027 | G73: 332.61052 | H73: 8.3147839 | I73: 0.0023502153 | J73: 94.564882 | K73: 1.6364656 | L73: 20.992927 | M73: 19.306564 | N73: 371.58811 | O73: 7.8127794 | P73: 1.8802258 | Q73: 95.572809 | R73: 3.1656876 | S73: 23.039237 | T73: 15.728238 | U73: 457.61179 | V73: 7.6042886
A74: 2017-05-08
A75: 2017-05-09 | B75: 1.1905656 | C75: 91.025679 | D75: 5.4109312 | E75: 19.333129 | F75: 14.594392 | G75: 259.70078 | H75: 7.4679919 | I75: 0.0093131512 | J75: 95.006424 | K75: 2.5304488 | L75: 21.747863 | M75: 16.694146 | N75: 277.28735 | O75: 7.208115 | P75: 1.8174193 | Q75: 90.039684 | R75: 4.6029341 | S75: 23.55288 | T75: 16.174764 | U75: 392.92816 | V75: 7.0602284
A76: 2017-05-10 | B76: 1.1852475 | C76: 94.893378 | D76: 9.3943491 | E76: 17.99446 | F76: 20.246719 | G76: 322.51445 | H76: 7.9397022 | I76: 0.0057315174 | J76: 93.497733 | K76: 3.4318513 | L76: 20.592316 | M76: 20.036003 | N76: 366.53761 | O76: 7.5945868 | P76: 2.3390933 | Q76: 97.10148 | R76: 7.2962071 | S76: 22.731878 | T76: 23.867422 | U76: 397.09949 | V76: 7.2712891
A77: 2017-05-11 | B77: 1.2254236 | C77: 81.356577 | D77: 9.7206605 | E77: 18.290478 | F77: 20.931343 | G77: 344.42437 | H77: 8.0109571 | I77: 0.01299425 | J77: 89.802023 | K77: 2.7527962 | L77: 19.993984 | M77: 19.122143 | N77: 369.20245 | O77: 7.8411611 | P77: 1.6072624 | Q77: 87.358949 | R77: 8.4080405 | S77: 22.053845 | T77: 26.297663 | U77: 440.59615 | V77: 7.6423222
A78: 2017-05-12 | B78: 1.3646394 | C78: 74.40015 | D78: 9.3162793 | E78: 19.787034 | F78: 20.172218 | G78: 359.63046 | H78: 7.8638569 | I78: 0 | J78: 86.149104 | K78: 4.5006238 | L78: 20.564492 | M78: 18.56682 | N78: 360.58585 | O78: 7.6318908 | P78: 2.3112814 | Q78: 86.255183 | R78: 10.700104 | S78: 22.340572 | T78: 21.945105 | U78: 393.13257 | V78: 7.553475
A79: 2017-05-13 | B79: 1.356237 | C79: 72.360604 | D79: 12.2491 | E79: 19.518283 | F79: 23.489101 | G79: 381.29903 | H79: 7.9459663 | I79: 0 | J79: 91.077633 | K79: 1.9046942 | L79: 20.674684 | M79: 22.741033 | N79: 402.57934 | O79: 7.5331779 | P79: 2.1771141 | Q79: 87.459522 | R79: 6.414458 | S79: 22.921559 | T79: 26.668997 | U79: 449.1538 | V79: 7.019974
A80: 2017-05-14 | B80: 1.0272405 | C80: 71.021465 | D80: 6.4878966 | E80: 19.395901 | F80: 24.96118 | G80: 369.42601 | H80: 8.3519173 | I80: 0 | J80: 91.935773 | K80: 2.5926989 | L80: 20.814604 | M80: 22.987979 | N80: 359.04176 | O80: 7.6159175 | P80: 1.5550802 | Q80: 89.911471 | R80: 2.7038881 | S80: 22.681608 | T80: 23.628532 | U80: 443.65179 | V80: 7.3444818
A81: 2017-05-15
A82: 2017-05-16 | B82: 0.75122914 | C82: 76.000691 | D82: 11.769778 | E82: 15.939057 | F82: 14.703415 | G82: 371.55096 | H82: 7.9106667 | I82: 0.0023903629 | J82: 91.073469 | K82: 3.2967383 | L82: 19.899483 | M82: 19.80482 | N82: 433.71408 | O82: 7.7677768 | P82: 1.8674151 | Q82: 89.583302 | R82: 6.5239495 | S82: 22.264663 | T82: 20.533759 | U82: 462.12581 | V82: 7.4053711
A83: 2017-05-17 | B83: 0.96590135 | C83: 85.260121 | D83: 9.6555636 | E83: 19.299367 | F83: 22.362809 | G83: 461.9961 | H83: 6.9888614 | I83: 0 | J83: 90.52162 | K83: 2.6245056 | L83: 20.56169 | M83: 24.778788 | N83: 402.54133 | O83: 7.2796043 | P83: 1.6010008 | Q83: 87.321213 | R83: 8.0470442 | S83: 21.789136 | T83: 25.153968 | U83: 475.84698 | V83: 7.2146882
A84: 2017-05-18 | B84: 1.1813146 | C84: 82.502945 | D84: 7.9739522 | E84: 19.119034 | F84: 24.767708 | G84: 451.04821 | H84: 7.9618788 | I84: 0.0046553097 | J84: 89.77402 | K84: 4.7766575 | L84: 19.640671 | M84: 28.497644 | N84: 404.81754 | O84: 7.2497933 | P84: 2.1882952 | Q84: 88.697734 | R84: 6.945442 | S84: 21.246058 | T84: 33.018292 | U84: 424.46169 | V84: 7.3444254
A85: 2017-05-19 | B85: 0.72001105 | C85: 81.005196 | D85: 10.632133 | E85: 16.475527 | F85: 18.542338 | G85: 419.99234 | H85: 8.1387233 | I85: 0.0024319572 | J85: 91.348022 | K85: 5.9305432 | L85: 19.554333 | M85: 24.02738 | N85: 507.33348 | O85: 7.6000186 | P85: 2.4916906 | Q85: 89.972236 | R85: 8.2766261 | S85: 21.088293 | T85: 28.962458 | U85: 545.85914 | V85: 7.4517901
A86: 2017-05-20 | B86: 0.69307889 | C86: 87.608548 | D86: 11.07617 | E86: 16.187062 | F86: 14.503783 | G86: 359.5206 | H86: 8.1140601 | I86: 0 | J86: 90.676669 | K86: 2.4085235 | L86: 20.836654 | M86: 18.169867 | N86: 431.12696 | O86: 7.2544572 | P86: 2.3449305 | Q86: 89.039833 | R86: 9.3256517 | S86: 22.786236 | T86: 21.768396 | U86: 495.77729 | V86: 7.0758664
A87: 2017-05-21
A88: 2017-05-22
A89: 2017-05-23 | B89: 0.59478293 | C89: 85.676476 | D89: 8.4861618 | E89: 16.989421 | F89: 11.085589 | G89: 280.57856 | H89: 7.9020346 | I89: 0.0047691517 | J89: 92.301235 | K89: 3.65218 | L89: 21.510007 | M89: 17.768522 | N89: 356.77135 | O89: 6.9178452 | P89: 2.1875059 | Q89: 90.145696 | R89: 5.0382558 | S89: 22.876946 | T89: 17.28426 | U89: 406.19044 | V89: 7.1275569
A90: 2017-05-24 | B90: 0.88667677 | C90: 86.987409 | D90: 7.9214821 | E90: 16.415276 | F90: 10.003699 | G90: 304.07424 | H90: 7.960743 | I90: 0 | J90: 92.553666 | K90: 1.6470766 | L90: 21.161705 | M90: 16.064018 | N90: 380.09461 | O90: 7.0481001 | P90: 2.7123509 | Q90: 92.435228 | R90: 5.8042657 | S90: 22.274894 | T90: 15.597683 | U90: 439.49899 | V90: 6.8977839
A91: 2017-05-25 | B91: 0.80774976 | C91: 88.326391 | D91: 5.7822989 | E91: 16.623494 | F91: 12.187986 | G91: 297.31644 | H91: 8.0484 | I91: 0.0045439091 | J91: 93.304004 | K91: 2.5673509 | L91: 21.583603 | M91: 17.793773 | N91: 405.05557 | O91: 6.9610389 | P91: 2.1348804 | Q91: 92.972543 | R91: 3.8266002 | S91: 23.144834 | T91: 17.664245 | U91: 436.50504 | V91: 6.8594566
A92: 2017-05-26 | B92: 0.71173503 | C92: 85.077396 | D92: 8.2771967 | E92: 16.693254 | F92: 10.186274 | G92: 282.80563 | H92: 7.9988763 | I92: 0.00073563188 | J92: 92.630943 | K92: 3.8647473 | L92: 21.69041 | M92: 16.276612 | N92: 372.80947 | O92: 6.990295 | P92: 2.0222995 | Q92: 90.89371 | R92: 7.9271048 | S92: 23.611036 | T92: 18.086536 | U92: 421.03888 | V92: 6.8286304
A93: 2017-05-27 | B93: 0.61213033 | C93: 87.129233 | D93: 7.546788 | E93: 17.261324 | F93: 10.955215 | G93: 296.28925 | H93: 7.7711897 | I93: 0 | J93: 94.727152 | K93: 3.1991392 | L93: 21.936199 | M93: 16.593998 | N93: 345.86423 | O93: 6.8569005 | P93: 1.2410951 | Q93: 90.615516 | R93: 5.8304142 | S93: 23.685379 | T93: 13.530012 | U93: 362.03852 | V93: 6.7732314
A94: 2017-05-28 | B94: 0.51784795 | C94: 85.71016 | D94: 9.6270533 | E94: 18.071491 | F94: 11.881829 | G94: 323.79598 | H94: 7.5881356 | I94: 0 | J94: 91.680498 | K94: 6.9008711 | L94: 21.744931 | M94: 23.447273 | N94: 401.37696 | O94: 6.3589957 | P94: 1.1444723 | Q94: 91.245007 | R94: 5.1276521 | S94: 24.909791 | T94: 16.993115 | U94: 476.00078 | V94: 6.4709151
A95: 2017-05-29 | B95: 0.64134003 | C95: 85.578035 | D95: 8.2195722 | E95: 17.907905 | F95: 11.184983 | G95: 292.59144 | H95: 7.5312508 | I95: 0.0075140158 | J95: 95.600368 | K95: 2.6256239 | L95: 22.60293 | M95: 16.976746 | N95: 329.04851 | O95: 6.6418214 | P95: 1.6157525 | Q95: 89.199903 | R95: 4.187895 | S95: 24.414093 | T95: 15.468785 | U95: 438.52012 | V95: 6.4348897
A96: 2017-05-30 | B96: 0.66246947 | C96: 86.997016 | D96: 5.1518361 | E96: 18.354923 | F96: 9.7162932 | G96: 222.74863 | H96: 7.551364 | I96: 0.0057505065 | J96: 95.579501 | K96: 3.3425675 | L96: 23.051295 | M96: 16.327556 | N96: 289.26894 | O96: 6.7194543 | P96: 0.71074387 | Q96: 88.965208 | R96: 7.7516288 | S96: 24.468022 | T96: 16.918837 | U96: 337.44077 | V96: 6.2459033
A97: 2017-05-31 | B97: 0.5673019 | C97: 84.422359 | D97: 4.0523909 | E97: 17.840643 | F97: 9.9290289 | G97: 236.16662 | H97: 7.5637068 | I97: 0 | J97: 93.475189 | K97: 4.1942964 | L97: 22.506743 | M97: 16.006607 | N97: 293.73286 | O97: 6.7676794 | P97: 0.0051736926 | Q97: 87.424815 | R97: 4.7918469 | S97: 23.885636 | T97: 17.463969 | U97: 310.17153 | V97: 6.4938216
A98: 2017-06-01 | B98: 0.5772221 | C98: 85.785544 | D98: 4.5453286 | E98: 17.273015 | F98: 10.922074 | G98: 242.9957 | H98: 7.5758381 | I98: 0.00549443 | J98: 89.886132 | K98: 4.4868471 | L98: 21.906559 | M98: 17.290085 | N98: 348.2761 | O98: 6.8792793 | P98: 1.5098412 | Q98: 86.21217 | R98: 11.007532 | S98: 23.680512 | T98: 17.457233 | U98: 417.4201 | V98: 6.7476857
A99: 2017-06-02 | B99: 0.50619986 | C99: 86.951509 | D99: 5.9483795 | E99: 17.34702 | F99: 10.191979 | G99: 242.99542 | H99: 7.7471593 | I99: 0.010213849 | J99: 87.071921 | K99: 3.1051703 | L99: 22.098107 | M99: 17.645294 | N99: 326.29728 | O99: 6.8447844 | P99: 1.8313049 | Q99: 87.84275 | R99: 4.8767653 | S99: 24.033005 | T99: 20.157727 | U99: 414.72668 | V99: 6.8822112
A100: 2017-06-03 | B100: 0.64830501 | C100: 87.026179 | D100: 7.6483449 | E100: 17.185384 | F100: 12.096996 | G100: 284.07283 | H100: 7.6311909 | I100: 0.007087357 | J100: 88.927348 | K100: 5.629023 | L100: 22.255575 | M100: 20.547149 | N100: 346.82145 | O100: 6.8024478 | P100: 1.7398045 | Q100: 88.572741 | R100: 5.5418326 | S100: 24.304506 | T100: 20.168739 | U100: 413.27837 | V100: 6.7112642
... A107: 2017-06-10 | B107: 0.91565712 | C107: 94.879256 | D107: 3.635714 | E107: 18.630991 | F107: 9.8724972 | G107: 299.8758 | H107: 6.7432019 | I107: 0.0016734484 | J107: 88.193523 | K107: 2.0022412 | L107: 21.620628 | M107: 21.805803 | N107: 357.7104 | O107: 7.0365392 | P107: 2.3050475 | Q107: 86.333694 | R107: 2.270097 | S107: 22.475983 | T107: 18.428162 | U107: 421.06858 | V107: 7.6325775
A108: 2017-06-11
A109: 2017-06-12 | B109: 0.75781166 | C109: 93.670678 | D109: 5.2318433 | E109: 19.253875 | F109: 10.86997 | G109: 299.36173 | H109: 6.4022339 | I109: 0 | J109: 87.829428 | K109: 0.83998015 | L109: 21.793982 | M109: 19.961589 | N109: 346.763 | O109: 7.0692122 | P109: 2.3259649 | Q109: 89.869009 | R109: 2.9116619 | S109: 23.073507 | T109: 19.720771 | U109: 418.01268 | V109: 7.4084487
A110: 2017-06-13 | B110: 0.738294 | C110: 92.341931 | D110: 5.6234862 | E110: 19.127487 | F110: 12.9024 | G110: 329.67387 | H110: 6.2784634 | I110: 0.0045747434 | J110: 86.515682 | K110: 1.8914418 | L110: 21.362672 | M110: 16.71266 | N110: 389.93736 | O110: 6.9158828 | P110: 1.6708315 | Q110: 88.513352 | R110: 3.3386869 | S110: 23.019291 | T110: 18.782401 | U110: 447.63787 | V110: 7.325541
A111: 2017-06-14 | B111: 0.83594412 | C111: 96.662645 | D111: 5.4096003 | E111: 19.07745 | F111: 14.892431 | G111: 311.53065 | H111: 6.41661 | I111: 0.0053390854 | J111: 85.280258 | K111: 2.6867409 | L111: 21.071635 | M111: 15.597678 | N111: 372.69734 | O111: 7.234881 | P111: 1.5740496 | Q111: 86.281855 | R111: 1.7884373 | S111: 22.522731 | T111: 16.444701 | U111: 407.94245 | V111: 7.6210962
A112: 2017-06-15 | B112: 0.9960605 | C112: 96.491185 | D112: 4.3582349 | E112: 19.584551 | F112: 10.616448 | G112: 302.42234 | H112: 6.3586837 | I112: 0.012927788 | J112: 86.318809 | K112: 1.8886099 | L112: 22.014736 | M112: 16.772174 | N112: 330.82889 | O112: 7.0828892 | P112: 2.0950992 | Q112: 81.629125 | R112: 3.6603168 | S112: 23.561069 | T112: 18.920002 | U112: 406.79277 | V112: 7.1630844
A113: 2017-06-16 | B113: 0.97647663 | C113: 93.426722 | D113: 3.62593 | E113: 19.414107 | F113: 11.052017 | G113: 281.22712 | H113: 6.4124967 | I113: 0 | J113: 87.643871 | K113: 2.2711828 | L113: 21.959421 | M113: 17.528579 | N113: 313.52293 | O113: 7.0589318 | P113: 2.1178648 | Q113: 84.506389 | R113: 3.1851997 | S113: 23.106674 | T113: 17.934252 | U113: 378.5431 | V113: 7.1292102
A114: 2017-06-17 | B114: 0.64718663 | C114: 93.490444 | D114: 3.624601 | E114: 19.658278 | F114: 10.668276 | G114: 313.64703 | H114: 6.2671496 | I114: 0.0049801071 | J114: 88.143872 | K114: 1.3906571 | L114: 21.874791 | M114: 15.041234 | N114: 336.96365 | O114: 6.9861037 | P114: 2.3787048 | Q114: 87.512433 | R114: 2.9408934 | S114: 23.413224 | T114: 15.036649 | U114: 450.07753 | V114: 7.3018253
A115: 2017-06-18
A116: 2017-06-19 | B116: 0.92898965 | C116: 92.669774 | D116: 3.8890908 | E116: 19.875156 | F116: 10.602074 | G116: 327.82378 | H116: 6.1731345 | I116: 0.0056603551 | J116: 84.670533 | K116: 5.3332795 | L116: 21.807936 | M116: 17.963785 | N116: 378.68695 | O116: 6.9640803 | P116: 1.8977674 | Q116: 83.854313 | R116: 6.4893619 | S116: 23.186847 | T116: 14.858794 | U116: 451.61933 | V116: 7.1335975
A117: 2017-06-20 | B117: 0.99829716 | C117: 96.088739 | D117: 4.0693306 | E117: 19.384597 | F117: 9.9977728 | G117: 337.37516 | H117: 6.2860489 | I117: 0 | J117: 86.767886 | K117: 1.0260054 | L117: 21.306867 | M117: 16.37215 | N117: 383.49364 | O117: 7.0665532 | P117: 2.1915466 | Q117: 84.062993 | R117: 3.1868369 | S117: 23.117296 | T117: 18.62547 | U117: 462.44678 | V117: 7.2844472
A118: 2017-06-21 | B118: 0.98480514 | C118: 95.572579 | D118: 2.703336 | E118: 19.470063 | F118: 9.3972759 | G118: 364.68145 | H118: 6.1808332 | I118: 0 | J118: 86.922182 | K118: 0.66953708 | L118: 21.487029 | M118: 16.89579 | N118: 409.14952 | O118: 7.1197855 | P118: 2.657175 | Q118: 85.030251 | R118: 2.9641268 | S118: 22.632748 | T118: 19.648065 | U118: 491.38984 | V118: 7.4025396
A119: 2017-06-22 | B119: 1.0150433 | C119: 97.212783 | D119: 4.0998662 | E119: 18.612784 | F119: 10.114052 | G119: 335.90744 | H119: 6.565905 | I119: 0 | J119: 86.56649 | K119: 1.5369308 | L119: 21.347414 | M119: 19.72572 | N119: 387.07957 | O119: 7.283759 | P119: 2.3974573 | Q119: 85.346618 | R119: 5.7529579 | S119: 23.016429 | T119: 19.723108 | U119: 446.8551 | V119: 7.4878204
A120: 2017-06-23 | B120: 0.91555934 | C120: 94.45444 | D120: 6.3405346 | E120: 19.00965 | F120: 21.36374 | G120: 348.02696 | H120: 6.3473854 | I120: 3.0743635e-05 | J120: 85.016923 | K120: 2.9033438 | L120: 21.042447 | M120: 29.827842 | N120: 407.8876 | O120: 7.4317198 | P120: 2.6021906 | Q120: 83.83374 | R120: 6.2097342 | S120: 22.848617 | T120: 32.471981 | U120: 436.4698 | V120: 7.5800865
A121: 2017-06-24 | B121: 0.81652081 | C121: 94.320095 | D121: 7.4420904 | E121: 18.747365 | F121: 24.876471 | G121: 441.29926 | H121: 6.3061933 | I121: 0.01472697 | J121: 85.015365 | K121: 1.7127364 | L121: 20.74315 | M121: 29.665173 | N121: 479.90959 | O121: 7.5798002 | P121: 2.0467954 | Q121: 85.246748 | R121: 5.7646029 | S121: 22.272266 | T121: 30.888915 | U121: 515.6637 | V121: 7.6215067
A122: 2017-06-25
...

Sheet 工作表3
B1: 201 | H1: 202 | Q1: 204
B2: 汽鼓液位 | E2: 汽鼓壓力 | H2: 一階過熱器出口蒸汽溫度 | K2: 二階過熱器出口蒸汽溫度 | N2: 過熱器出口蒸汽溫度 | Q2: 產氣量 | U2: 給水量
B3: 一號爐 | C3: 二號爐 | D3: 三號爐 | E3: 一號爐 | F3: 二號爐 | G3: 三號爐 | H3: 一號爐 | I3: 二號爐 | J3: 三號爐 | K3: 一號爐 | L3: 二號爐 | M3: 三號爐 | N3: 一號爐 | O3: 二號爐 | P3: 三號爐 | Q3: 一號爐 | R3: 二號爐 | S3: 三號爐 | T3: 全廠 | U3: 一號爐 | V3: 二號爐 | W3: 三號爐 | X3: 全廠
A4: 2017-02-24 | B4: -0.1140926 | C4: -0.067622447 | D4: -0.059282942 | E4: 41.312949 | F4: 40.977278 | G4: 41.136124 | H4: 324.03148 | I4: 332.21741 | J4: 328.56226 | K4: 368.6941 | L4: 375.09355 | M4: 370.18648 | N4: 396.05295 | O4: 399.58187 | P4: 400.06665 | Q4: 1430.6632 | R4: 1419.6246 | S4: 1433.1543 | T4: =Q4+R4+S4 -> 4283.442 | U4: 1391.9169 | V4: 1321.2469 | W4: 1316.2876 | X4: =U4+V4+W4 -> 4029.4513
A5: 2017-03-01 | B5: -0.091783691 | C5: -0.0076889642 | D5: -0.11310917 | E5: 41.256112 | F5: 41.001913 | G5: 41.198805 | H5: 327.83861 | I5: 332.93351 | J5: 333.16529 | K5: 369.74414 | L5: 374.9755 | M5: 369.72272 | N5: 398.17414 | O5: 399.59879 | P5: 400.04633 | Q5: 1429.568 | R5: 1427.1228 | S5: 1454.991 | T5: =Q5+R5+S5 -> 4311.6818 | U5: 1361.02 | V5: 1337.5893 | W5: 1314.0922 | X5: =U5+V5+W5 -> 4012.7015
A6: 2017-03-02 | B6: -0.060483762 | C6: 0.010396638 | D6: -33.431085 | E6: 41.280116 | F6: 41.016956 | G6: 32.8291 | H6: 326.79519 | I6: 332.55839 | J6: 290.93495 | K6: 370.18548 | L6: 375.02693 | M6: 316.18836 | N6: 397.89411 | O6: 399.65849 | P6: 339.66652 | Q6: 1432.9859 | R6: 1436.3729 | S6: 1082.0871 | T6: =Q6+R6+S6 -> 3951.4459 | U6: 1371.6215 | V6: 1348.2438 | W6: 1038.9495 | X6: =U6+V6+W6 -> 3758.8148
A7: 2017-03-03 | B7: -0.060483762 | C7: 0.010396638 | D7: -33.431085 | E7: 41.280116 | F7: 41.016956 | G7: 32.8291 | H7: 326.79519 | I7: 332.55839 | J7: 290.93495 | K7: 370.18548 | L7: 375.02693 | M7: 316.18836 | N7: 397.89411 | O7: 399.65849 | P7: 339.66652 | Q7: 1432.9859 | R7: 1436.3729 | S7: 1082.0871 | T7: =Q7+R7+S7 -> 3951.4459 | U7: 1371.6215 | V7: 1348.2438 | W7: 1038.9495 | X7: =U7+V7+W7 -> 3758.8148
A8: 2017-03-04 | B8: -0.11497329 | C8: 0.0010820217 | D8: -180.85436 | E8: 41.218514 | F8: 40.886533 | G8: 0.6619751 | H8: 326.45628 | I8: 333.57197 | J8: 73.485174 | K8: 370.18494 | L8: 375.07617 | M8: 66.171873 | N8: 397.5452 | O8: 399.81241 | P8: 73.271087 | Q8: 1432.3777 | R8: 1413.8572 | S8: 15.324844 | T8: =Q8+R8+S8 -> 2861.5597 | U8: 1370.0245 | V8: 1321.4878 | W8: 55.631367 | X8: =U8+V8+W8 -> 2747.1437
A9: 2017-03-05 | B9: -0.037085575 | C9: 0.017772634 | D9: 18.701649 | E9: 41.216207 | F9: 41.047815 | G9: 32.592995 | H9: 325.81683 | I9: 331.92533 | J9: 287.0566 | K9: 369.86209 | L9: 374.93601 | M9: 323.14748 | N9: 397.38176 | O9: 399.67979 | P9: 338.27364 | Q9: 1426.4996 | R9: 1442.6216 | S9: 954.69725 | T9: =Q9+R9+S9 -> 3823.8184 | U9: 1362.769 | V9: 1352.1256 | W9: 831.34857 | X9: =U9+V9+W9 -> 3546.2432
A10: 2017-03-06 | B10: -0.13191639 | C10: -0.034103632 | D10: 0.007498086 | E10: 41.339163 | F10: 41.118271 | G10: 41.209637 | H10: 327.41159 | I10: 333.25575 | J10: 332.24447 | K10: 369.90788 | L10: 375.02267 | M10: 369.93181 | N10: 398.05895 | O10: 399.76035 | P10: 399.77128 | Q10: 1445.729 | R10: 1455.7924 | S10: 1454.9428 | T10: =Q10+R10+S10 -> 4356.4642 | U10: 1377.6859 | V10: 1360.7961 | W10: 1331.8315 | X10: =U10+V10+W10 -> 4070.3135
A11: 2017-03-07 | B11: -0.13239027 | C11: 0.00088645658 | D11: -0.1710913 | E11: 41.375379 | F11: 41.039363 | G11: 41.156596 | H11: 327.22363 | I11: 332.82125 | J11: 332.73981 | K11: 370.29088 | L11: 374.98104 | M11: 370.32443 | N11: 398.036 | O11: 399.68288 | P11: 399.79225 | Q11: 1452.7718 | R11: 1432.9646 | S11: 1439.8672 | T11: =Q11+R11+S11 -> 4325.6037 | U11: 1383.3939 | V11: 1342.088 | W11: 1311.8526 | X11: =U11+V11+W11 -> 4037.3345
A12: 2017-03-08 | B12: -0.1367993 | C12: -0.037864354 | D12: -0.044646451 | E12: 41.262872 | F12: 41.014098 | G12: 41.079072 | H12: 327.39166 | I12: 334.01282 | J12: 333.32525 | K12: 370.15153 | L12: 375.07887 | M12: 370.07692 | N12: 398.07573 | O12: 399.7123 | P12: 399.85322 | Q12: 1430.7483 | R12: 1431.6734 | S12: 1425.6712 | T12: =Q12+R12+S12 -> 4288.093 | U12: 1357.0001 | V12: 1330.5812 | W12: 1293.7578 | X12: =U12+V12+W12 -> 3981.3391
A13: 2017-03-09 | B13: -0.076612091 | C13: -0.072846372 | D13: -0.08039397 | E13: 41.330905 | F13: 41.00709 | G13: 41.142645 | H13: 326.52992 | I13: 334.22436 | J13: 332.12048 | K13: 369.5995 | L13: 375.04831 | M13: 369.58375 | N13: 397.74601 | O13: 399.63545 | P13: 399.82474 | Q13: 1383.9922 | R13: 1371.2262 | S13: 1379.0978 | T13: =Q13+R13+S13 -> 4134.3161 | U13: 1315.5126 | V13: 1273.859 | W13: 1256.7086 | X13: =U13+V13+W13 -> 3846.0802
A14: 2017-03-10 | B14: -0.079381413 | C14: -0.045517483 | D14: -0.086727963 | E14: 41.336993 | F14: 40.980549 | G14: 41.053333 | H14: 324.947 | I14: 334.00342 | J14: 333.06926 | K14: 370.39928 | L14: 375.13209 | M14: 370.41388 | N14: 397.67316 | O14: 399.65757 | P14: 400.01866 | Q14: 1441.5001 | R14: 1423.7095 | S14: 1422.8457 | T14: =Q14+R14+S14 -> 4288.0553 | U14: 1380.3823 | V14: 1327.9814 | W14: 1296.9754 | X14: =U14+V14+W14 -> 4005.3391
A15: 2017-03-11 | B15: -0.049284413 | C15: -0.033065702 | D15: 0.060379669 | E15: 41.256665 | F15: 40.916159 | G15: 41.045739 | H15: 326.96974 | I15: 337.04515 | J15: 335.80496 | K15: 370.04809 | L15: 374.95936 | M15: 369.76372 | N15: 398.00553 | O15: 399.9082 | P15: 399.92559 | Q15: 1428.9471 | R15: 1419.8396 | S15: 1426.6697 | T15: =Q15+R15+S15 -> 4275.4564 | U15: 1357.1097 | V15: 1307.0361 | W15: 1284.342 | X15: =U15+V15+W15 -> 3948.4878
... A32: 2017-03-28 | B32: -0.036166808 | C32: -0.097536313 | D32: -0.048725498 | E32: 41.252565 | F32: 40.848934 | G32: 40.964566 | H32: 331.9181 | I32: 339.21575 | J32: 339.34077 | K32: 370.02435 | L32: 375.0735 | M32: 370.27077 | N32: 398.73644 | O32: 399.83939 | P32: 399.95062 | Q32: 1439.9613 | R32: 1401.7152 | S32: 1415.5013 | T32: =Q32+R32+S32 -> 4257.1777 | U32: 1341.5722 | V32: 1278.9742 | W32: 1257.7314 | X32: =U32+V32+W32 -> 3878.2778
A33: 2017-03-29
A34: 2017-03-30 | B34: -0.036709546 | C34: -0.081467862 | D34: -0.070674391 | E34: 41.238634 | F34: 40.965971 | G34: 41.008744 | H34: 328.79225 | I34: 337.6909 | J34: 336.67699 | K34: 369.77457 | L34: 374.721 | M34: 369.66708 | N34: 398.2597 | O34: 399.94044 | P34: 400.11443 | Q34: 1432.9826 | R34: 1426.3921 | S34: 1420.3045 | T34: =Q34+R34+S34 -> 4279.6791 | U34: 1348.5062 | V34: 1309.8938 | W34: 1270.8756 | X34: =U34+V34+W34 -> 3929.2756
A35: 2017-03-31 | B35: -0.057261561 | C35: 0.0054736518 | D35: -0.063337315 | E35: 41.247685 | F35: 40.962811 | G35: 41.015951 | H35: 329.57057 | I35: 338.472 | J35: 338.04813 | K35: 370.518 | L35: 375.17519 | M35: 370.28098 | N35: 397.68238 | O35: 399.87678 | P35: 399.98997 | Q35: 1432.2873 | R35: 1424.8108 | S35: 1420.1666 | T35: =Q35+R35+S35 -> 4277.2647 | U35: 1350.5166 | V35: 1309.3511 | W35: 1266.6587 | X35: =U35+V35+W35 -> 3926.5264
A36: 2017-04-01 | B36: -0.031029334 | C36: -0.059867721 | D36: -0.058786632 | E36: 41.199375 | F36: 40.950754 | G36: 41.067701 | H36: 331.29869 | I36: 339.73441 | J36: 339.52359 | K36: 369.79779 | L36: 375.07604 | M36: 369.91616 | N36: 398.25197 | O36: 400.08418 | P36: 399.96332 | Q36: 1427.049 | R36: 1429.27 | S36: 1433.9089 | T36: =Q36+R36+S36 -> 4290.228 | U36: 1338.1451 | V36: 1306.0748 | W36: 1276.0809 | X36: =U36+V36+W36 -> 3920.3008
A37: 2017-04-02 | B37: -0.095128766 | C37: -0.080016109 | D37: -0.062653098 | E37: 41.262139 | F37: 40.961966 | G37: 41.011307 | H37: 330.47498 | I37: 340.30262 | J37: 340.10216 | K37: 370.26307 | L37: 375.2035 | M37: 370.04408 | N37: 398.23189 | O37: 400.04595 | P37: 399.83684 | Q37: 1435.5465 | R37: 1429.0801 | S37: 1425.3466 | T37: =Q37+R37+S37 -> 4289.9732 | U37: 1347.1212 | V37: 1303.2831 | W37: 1263.2213 | X37: =U37+V37+W37 -> 3913.6256
A38: 2017-04-03 | B38: -0.12059932 | C38: -0.10402372 | D38: -82.212606 | E38: 41.304931 | F38: 40.917901 | G38: 27.313415 | H38: 331.09633 | I38: 344.30588 | J38: 263.68287 | K38: 369.94387 | L38: 374.98435 | M38: 279.40757 | N38: 398.97408 | O38: 399.94182 | P38: 297.27002 | Q38: 1454.7218 | R38: 1440.7126 | S38: 858.86636 | T38: =Q38+R38+S38 -> 3754.3008 | U38: 1362.905 | V38: 1292.0379 | W38: 750.82917 | X38: =U38+V38+W38 -> 3405.7721
A39: 2017-04-04 | B39: 0.023378017 | C39: -0.10279722 | D39: -21.400833 | E39: 41.155687 | F39: 40.847102 | G39: 1.3275637 | H39: 333.39783 | I39: 344.22862 | J39: 60.069016 | K39: 370.2174 | L39: 374.97701 | M39: 53.554095 | N39: 399.23891 | O39: 399.96039 | P39: 60.909624 | Q39: 1436.9767 | R39: 1427.6363 | S39: 48.426527 | T39: =Q39+R39+S39 -> 2913.0396 | U39: 1331.68 | V39: 1286.3752 | W39: 0 | X39: =U39+V39+W39 -> 2618.0552
A40: 2017-04-05
A41: 2017-04-06 | B41: -0.071155039 | C41: -0.065041042 | D41: -300 | E41: 41.117126 | F41: 40.887325 | G41: 0.11352521 | H41: 333.54648 | I41: 341.8697 | J41: 58.038539 | K41: 369.31838 | L41: 374.63007 | M41: 35.348676 | N41: 398.40475 | O41: 399.87479 | P41: 36.492 | Q41: 1431.4745 | R41: 1432.8506 | S41: 0 | T41: =Q41+R41+S41 -> 2864.3251 | U41: 1324.1939 | V41: 1297.5674 | W41: 0 | X41: =U41+V41+W41 -> 2621.7612
A42: 2017-04-07 | B42: -0.10169969 | C42: -0.028394792 | D42: -300 | E42: 41.199343 | F42: 40.954281 | G42: 0.11696307 | H42: 329.91791 | I42: 338.54997 | J42: 58.031095 | K42: 370.52992 | L42: 375.02222 | M42: 33.017492 | N42: 398.3021 | O42: 399.92741 | P42: 35.274303 | Q42: 1376.9082 | R42: 1376.648 | S42: 0 | T42: =Q42+R42+S42 -> 2753.5562 | U42: 1294.2301 | V42: 1269.358 | W42: 0 | X42: =U42+V42+W42 -> 2563.588
A43: 2017-04-08 | B43: -0.065305137 | C43: -0.10505971 | D43: -300 | E43: 41.139309 | F43: 40.946996 | G43: 0.12346661 | H43: 330.05089 | I43: 338.22025 | J43: 61.007246 | K43: 370.15917 | L43: 375.05575 | M43: 34.023318 | N43: 398.84019 | O43: 399.82799 | P43: 35.357702 | Q43: 1427.9903 | R43: 1436.7012 | S43: 0 | T43: =Q43+R43+S43 -> 2864.6915 | U43: 1340.3047 | V43: 1324.4166 | W43: 0 | X43: =U43+V43+W43 -> 2664.7213
A44: 2017-04-09 | B44: -0.11547957 | C44: -0.064313107 | D44: -300 | E44: 40.858049 | F44: 40.672829 | G44: 0.12196543 | H44: 331.81951 | I44: 339.70376 | J44: 63.774964 | K44: 370.20126 | L44: 374.94661 | M44: 34.933566 | N44: 395.062 | O44: 399.6621 | P44: 35.575229 | Q44: 1327.9413 | R44: 1321.131 | S44: 0 | T44: =Q44+R44+S44 -> 2649.0723 | U44: 1231.8426 | V44: 1213.0232 | W44: 0 | X44: =U44+V44+W44 -> 2444.8657
A45: 2017-04-10 | B45: -28.952628 | C45: -0.1627141 | D45: -300 | E45: 26.831377 | F45: 40.961971 | G45: 0.11770557 | H45: 257.24947 | I45: 341.36295 | J45: 64.158961 | K45: 275.63936 | L45: 375.05427 | M45: 35.965806 | N45: 293.36949 | O45: 399.95601 | P45: 35.871491 | Q45: 855.06588 | R45: 1450.7331 | S45: 0 | T45: =Q45+R45+S45 -> 2305.799 | U45: 803.42565 | V45: 1318.8543 | W45: 0 | X45: =U45+V45+W45 -> 2122.28
A46: 2017-04-11 | B46: 40.85305 | C46: -0.079597805 | D46: -300 | E46: 2.0204155 | F46: 40.901027 | G46: 0.11111989 | H46: 66.413031 | I46: 342.1751 | J46: 63.40992 | K46: 58.185312 | L46: 374.88531 | M46: 35.4749 | N46: 62.095611 | O46: 399.91817 | P46: 35.514992 | Q46: 96.596095 | R46: 1447.2376 | S46: 0 | T46: =Q46+R46+S46 -> 1543.8336 | U46: 0 | V46: 1308.6861 | W46: 0 | X46: =U46+V46+W46 -> 1308.6861
A47: 2017-04-12 | B47: -297.62665 | C47: 0.0046305142 | D47: -300 | E47: 0.059214846 | F47: 41.030497 | G47: 0.11048545 | H47: 41.820727 | I47: 339.81686 | J47: 65.305231 | K47: 37.45645 | L47: 375.02286 | M47: 36.700399 | N47: 36.569535 | O47: 399.98036 | P47: 35.382393 | Q47: 0 | R47: 1468.9651 | S47: 0 | T47: =Q47+R47+S47 -> 1468.9651 | U47: 0 | V47: 1334.0867 | W47: 0 | X47: =U47+V47+W47 -> 1334.0867
A48: 2017-04-13 | B48: -298.70684 | C48: -0.066976659 | D48: -300 | E48: 0.04234858 | F48: 41.105151 | G48: 0.099250017 | H48: 35.063874 | I48: 337.59697 | J48: 64.129466 | K48: 32.082251 | L48: 374.95373 | M48: 35.721038 | N48: 31.218941 | O48: 400.15768 | P48: 34.587726 | Q48: 0 | R48: 1476.2902 | S48: 0 | T48: =Q48+R48+S48 -> 1476.2902 | U48: 0 | V48: 1356.1846 | W48: 0 | X48: =U48+V48+W48 -> 1356.1846
A49: 2017-04-14 | B49: -299.9419 | C49: -0.072232699 | D49: -300 | E49: 0.025304431 | F49: 41.025587 | G49: 0.091462908 | H49: 28.445651 | I49: 342.35278 | J49: 60.702156 | K49: 26.430291 | L49: 375.33344 | M49: 32.77043 | N49: 27.248415 | O49: 400.08386 | P49: 32.066184 | Q49: 0 | R49: 1471.4898 | S49: 0 | T49: =Q49+R49+S49 -> 1471.4898 | U49: 0 | V49: 1325.2183 | W49: 0 | X49: =U49+V49+W49 -> 1325.2183
A50: 2017-04-15 | B50: -299.79156 | C50: -0.015980834 | D50: -300 | E50: 0.036840795 | F50: 41.02124 | G50: 0.099869511 | H50: 26.86915 | I50: 342.71506 | J50: 61.816626 | K50: 25.220315 | L50: 374.89398 | M50: 33.104278 | N50: 27.323337 | O50: 400.13052 | P50: 31.34198 | Q50: 0 | R50: 1475.3899 | S50: 0 | T50: =Q50+R50+S50 -> 1475.3899 | U50: 0 | V50: 1327.2639 | W50: 0 | X50: =U50+V50+W50 -> 1327.2639
A51: 2017-04-16 | B51: -299.99952 | C51: -11.438537 | D51: -300 | E51: 0.04656973 | F51: 26.452813 | G51: 0.10467604 | H51: 27.829659 | I51: 260.90973 | J51: 59.580728 | K51: 26.372324 | L51: 278.51745 | M51: 34.042022 | N51: 28.911038 | O51: 291.39609 | P51: 32.311583 | Q51: 0 | R51: 854.99147 | S51: 0 | T51: =Q51+R51+S51 -> 854.99147 | U51: 0 | V51: 783.1794 | W51: 0 | X51: =U51+V51+W51 -> 783.1794
A52: 2017-04-17
A53: 2017-04-18 | B53: -300 | C53: -38.517708 | D53: -197.02335 | E53: 0.037087461 | F53: 0.068138998 | G53: 1.5711188 | H53: 28.499891 | I53: 46.459316 | J53: 34.062534 | K53: 27.064209 | L53: 38.654915 | M53: 31.451511 | N53: 28.879057 | O53: 34.412582 | P53: 33.107323 | Q53: 0 | R53: 0 | S53: 28.452551 | T53: =Q53+R53+S53 -> 28.452551 | U53: 0 | V53: 0 | W53: 28.13878 | X53: =U53+V53+W53 -> 28.13878
A54: 2017-04-19 | B54: -300 | C54: -262.52488 | D54: -296.84706 | E54: 0.034675916 | F54: 0.06010336 | G54: 0.10050383 | H54: 29.046103 | I54: 40.323793 | J54: 31.890988 | K54: 27.113284 | L54: 34.774298 | M54: 30.277395 | N54: 28.633578 | O54: 28.418642 | P54: 33.127678 | Q54: 0 | R54: 0 | S54: 0 | T54: =Q54+R54+S54 -> 0 | U54: 0 | V54: 0 | W54: 0 | X54: =U54+V54+W54 -> 0
A55: 2017-04-20
A56: 2017-04-21 | B56: -53.893014 | C56: -298.17134 | D56: -168.42001 | E56: 0.38496377 | F56: 0.060108019 | G56: 0.122254 | H56: 29.473159 | I56: 33.564216 | J56: 36.079955 | K56: 27.143087 | L56: 31.47122 | M56: 35.461 | N56: 28.590701 | O56: 25.834037 | P56: 378.01564 | Q56: 14.683992 | R56: 0 | S56: 0 | T56: =Q56+R56+S56 -> 14.683992 | U56: 0 | V56: 0 | W56: 0 | X56: =U56+V56+W56 -> 0
A57: 2017-04-22 | B57: 0.93999264 | C57: -300 | D57: -2.4260673 | E57: 22.416903 | F57: 0.076662884 | G57: 29.20223 | H57: 216.18515 | I57: 32.766641 | J57: 258.01984 | K57: 234.24344 | L57: 30.91957 | M57: 290.00488 | N57: 245.08778 | O57: 28.654272 | P57: 386.24273 | Q57: 632.24195 | R57: 0 | S57: 862.29788 | T57: =Q57+R57+S57 -> 1494.5398 | U57: 602.36815 | V57: 0 | W57: 836.48975 | X57: =U57+V57+W57 -> 1438.8579
A58: 2017-04-23 | B58: -0.10327351 | C58: -300 | D58: -0.00032634224 | E58: 41.289337 | F58: 0.079566382 | G58: 41.280554 | H58: 323.74046 | I58: 32.753042 | J58: 320.72422 | K58: 368.40284 | L58: 31.644075 | M58: 366.31293 | N58: 398.37269 | O58: 30.445139 | P58: 398.01435 | Q58: 1375.7525 | R58: 0 | S58: 1450.7492 | T58: =Q58+R58+S58 -> 2826.5016 | U58: 1336.9668 | V58: 0 | W58: 1403.7944 | X58: =U58+V58+W58 -> 2740.7613
A59: 2017-04-24
A60: 2017-04-25 | B60: -0.080830148 | C60: -300 | D60: 0.031247289 | E60: 41.160321 | F60: 0.072499421 | G60: 41.145351 | H60: 327.60939 | I60: 30.791321 | J60: 326.28453 | K60: 368.94386 | L60: 36.627198 | M60: 369.96517 | N60: 398.79529 | O60: 29.241536 | P60: 399.18403 | Q60: 1312.0565 | R60: 0 | S60: 1433.1183 | T60: =Q60+R60+S60 -> 2745.1748 | U60: 1139.3693 | V60: 0 | W60: 1364.1381 | X60: =U60+V60+W60 -> 2503.5075
A61: 2017-04-26 | B61: -0.077581075 | C61: -186.10171 | D61: -0.071123341 | E61: 41.075655 | F61: 1.1167885 | G61: 41.07449 | H61: 330.32962 | I61: 35.277506 | J61: 327.60633 | K61: 369.44399 | L61: 34.692922 | M61: 370.11112 | N61: 398.72923 | O61: 28.982869 | P61: 399.23473 | Q61: 1418.7042 | R61: 34.654854 | S61: 1425.1537 | T61: =Q61+R61+S61 -> 2878.5128 | U61: 1278.0934 | V61: 36.278111 | W61: 1353.4901 | X61: =U61+V61+W61 -> 2667.8616
A62: 2017-04-27 | B62: -0.10087759 | C62: -168.8826 | D62: -0.053778768 | E62: 41.22769 | F62: 0.18415372 | G62: 41.156997 | H62: 328.60558 | I62: 49.105961 | J62: 326.43264 | K62: 368.66048 | L62: 44.297856 | M62: 369.85847 | N62: 398.82207 | O62: 40.198242 | P62: 399.16653 | Q62: 1378.9248 | R62: 0 | S62: 1435.4389 | T62: =Q62+R62+S62 -> 2814.3637 | U62: 1318.9645 | V62: 0 | W62: 1377.1983 | X62: =U62+V62+W62 -> 2696.1628
A63: 2017-04-28 | B63: -0.063074047 | C63: 33.585167 | D63: -0.088651075 | E63: 40.843124 | F63: 32.693503 | G63: 40.795622 | H63: 329.7616 | I63: 283.46484 | J63: 324.72319 | K63: 368.2476 | L63: 315.97313 | M63: 367.14468 | N63: 397.77922 | O63: 325.43006 | P63: 395.76364 | Q63: 1325.7952 | R63: 885.41174 | S63: 1329.0221 | T63: =Q63+R63+S63 -> 3540.229 | U63: 1259.9143 | V63: 829.00825 | W63: 1267.9678 | X63: =U63+V63+W63 -> 3356.8904
A64: 2017-04-29 | B64: -0.095899026 | C64: -0.012461756 | D64: 0.0087326145 | E64: 41.241791 | F64: 41.010952 | G64: 41.255733 | H64: 331.65183 | I64: 328.80236 | J64: 328.48479 | K64: 369.79327 | L64: 374.6398 | M64: 369.81893 | N64: 398.59764 | O64: 397.97517 | P64: 399.26682 | Q64: 1422.3009 | R64: 1418.358 | S64: 1438.0432 | T64: =Q64+R64+S64 -> 4278.7022 | U64: 1228.9609 | V64: 1366.0488 | W64: 1353.1282 | X64: =U64+V64+W64 -> 3948.1379
A65: 2017-04-30 | B65: -0.088134732 | C65: 0.0011853636 | D65: -0.026748182 | E65: 41.246566 | F65: 40.980349 | G65: 41.197283 | H65: 331.59481 | I65: 331.47211 | J65: 328.37514 | K65: 369.69839 | L65: 374.8107 | M65: 370.13649 | N65: 398.7142 | O65: 398.60576 | P65: 399.29816 | Q65: 1367.8979 | R65: 1418.503 | S65: 1428.517 | T65: =Q65+R65+S65 -> 4214.9179 | U65: 1229.2606 | V65: 1348.4802 | W65: 1339.1829 | X65: =U65+V65+W65 -> 3916.9236
A66: 2017-05-01 | B66: 0.016394538 | C66: 0.047227684 | D66: 0.0021855833 | E66: 41.261029 | F66: 41.080919 | G66: 41.334949 | H66: 333.45225 | I66: 332.7006 | J66: 329.1427 | K66: 370.84619 | L66: 375.04489 | M66: 369.98927 | N66: 399.08948 | O66: 399.25512 | P66: 399.35451 | Q66: 1445.9409 | R66: 1448.435 | S66: 1458.2974 | T66: =Q66+R66+S66 -> 4352.6734 | U66: 1216.5764 | V66: 1365.401 | W66: 1362.9043 | X66: =U66+V66+W66 -> 3944.8818
A67: 2017-05-02
A68: 2017-05-03 | B68: -0.049621401 | C68: -0.0032516105 | D68: -0.087607049 | E68: 41.161645 | F68: 40.976322 | G68: 41.206916 | H68: 333.202 | I68: 333.66401 | J68: 329.69822 | K68: 369.24545 | L68: 375.17801 | M68: 369.8388 | N68: 398.8244 | O68: 399.48335 | P68: 399.54353 | Q68: 1421.9832 | R68: 1433.7134 | S68: 1435.7742 | T68: =Q68+R68+S68 -> 4291.4708 | U68: 1322.9635 | V68: 1338.5478 | W68: 1334.2182 | X68: =U68+V68+W68 -> 3995.7295
A69: 2017-05-04 | B69: -0.068877375 | C69: -0.058172184 | D69: 0.023517319 | E69: 41.238065 | F69: 40.924975 | G69: 41.252395 | H69: 333.22696 | I69: 333.3847 | J69: 328.65261 | K69: 370.01728 | L69: 374.71833 | M69: 369.97671 | N69: 398.83347 | O69: 398.77689 | P69: 399.29762 | Q69: 1436.9746 | R69: 1417.1686 | S69: 1440.798 | T69: =Q69+R69+S69 -> 4294.9413 | U69: 1337.385 | V69: 1328.3292 | W69: 1348.7122 | X69: =U69+V69+W69 -> 4014.4264
A70: 2017-05-05 | B70: -0.015654358 | C70: -0.066139629 | D70: -0.046649849 | E70: 41.218397 | F70: 40.967962 | G70: 41.314251 | H70: 331.96807 | I70: 332.69631 | J70: 327.45314 | K70: 370.02638 | L70: 375.04371 | M70: 370.00022 | N70: 398.74242 | O70: 399.3306 | P70: 399.28846 | Q70: 1432.3256 | R70: 1427.5122 | S70: 1448.5133 | T70: =Q70+R70+S70 -> 4308.351 | U70: 1335.756 | V70: 1339.5419 | W70: 1362.2881 | X70: =U70+V70+W70 -> 4037.586
A71: 2017-05-06 | B71: -0.012423709 | C71: -0.02197214 | D71: 0.025483906 | E71: 41.195107 | F71: 40.905466 | G71: 41.198256 | H71: 331.37145 | I71: 333.93996 | J71: 329.36631 | K71: 370.08369 | L71: 374.93949 | M71: 370.67289 | N71: 398.70339 | O71: 399.59608 | P71: 399.43985 | Q71: 1429.5619 | R71: 1416.9357 | S71: 1435.7455 | T71: =Q71+R71+S71 -> 4282.2431 | U71: 1278.479 | V71: 1323.671 | W71: 1333.073 | X71: =U71+V71+W71 -> 3935.2229
A72: 2017-05-07 | B72: -0.040635129 | C72: -0.0033809902 | D72: 0.029432121 | E72: 41.070495 | F72: 40.90251 | G72: 41.161493 | H72: 334.70922 | I72: 334.46662 | J72: 330.96865 | K72: 370.25841 | L72: 375.06366 | M72: 369.94253 | N72: 399.11037 | O72: 399.78976 | P72: 399.52216 | Q72: 1415.6976 | R72: 1420.6499 | S72: 1436.9203 | T72: =Q72+R72+S72 -> 4273.2678 | U72: 1250.0924 | V72: 1323.1083 | W72: 1322.2153 | X72: =U72+V72+W72 -> 3895.4159
A73: 2017-05-08
A74: 2017-05-09 | B74: -0.071856938 | C74: -0.05818378 | D74: -0.0069457163 | E74: 40.61461 | F74: 40.395905 | G74: 40.598575 | H74: 327.85672 | I74: 328.05847 | J74: 323.25537 | K74: 369.40154 | L74: 374.30321 | M74: 368.36371 | N74: 398.23811 | O74: 397.69306 | P74: 397.67033 | Q74: 1303.8548 | R74: 1290.6369 | S74: 1291.7294 | T74: =Q74+R74+S74 -> 3886.221 | U74: 1217.5252 | V74: 1225.1391 | W74: 1221.2318 | X74: =U74+V74+W74 -> 3663.8961
A75: 2017-05-10 | B75: -0.11564547 | C75: -0.062361872 | D75: -0.065151375 | E75: 40.714873 | F75: 40.395454 | G75: 40.664109 | H75: 327.08848 | I75: 328.33201 | J75: 323.21743 | K75: 369.34461 | L75: 374.71543 | M75: 368.06289 | N75: 398.18296 | O75: 398.54769 | P75: 397.36596 | Q75: 1318.6113 | R75: 1292.2772 | S75: 1306.9195 | T75: =Q75+R75+S75 -> 3917.808 | U75: 1250.4389 | V75: 1226.3427 | W75: 1235.6356 | X75: =U75+V75+W75 -> 3712.4173
A76: 2017-05-11 | B76: -0.094936878 | C76: -0.069045319 | D76: -0.031554119 | E76: 40.886406 | F76: 40.589051 | G76: 40.923687 | H76: 328.20116 | I76: 331.30985 | J76: 326.27312 | K76: 369.93009 | L76: 375.00028 | M76: 369.02132 | N76: 398.46017 | O76: 399.21299 | P76: 398.60283 | Q76: 1357.5622 | R76: 1341.4545 | S76: 1363.6768 | T76: =Q76+R76+S76 -> 4062.6934 | U76: 1285.349 | V76: 1263.12 | W76: 1286.2452 | X76: =U76+V76+W76 -> 3834.7142
A77: 2017-05-12 | B77: -0.04779037 | C77: -0.027286543 | D77: -0.051085449 | E77: 41.273235 | F77: 41.003266 | G77: 41.290391 | H77: 330.62461 | I77: 332.30786 | J77: 328.69713 | K77: 370.09886 | L77: 375.04102 | M77: 370.15975 | N77: 398.95936 | O77: 399.55914 | P77: 399.36359 | Q77: 1441.8746 | R77: 1437.4671 | S77: 1448.3897 | T77: =Q77+R77+S77 -> 4327.7313 | U77: 1367.4738 | V77: 1363.2412 | W77: 1366.8318 | X77: =U77+V77+W77 -> 4097.5468
A78: 2017-05-13 | B78: -0.094545075 | C78: -0.086326551 | D78: -0.069213647 | E78: 41.256227 | F78: 40.964395 | G78: 41.321085 | H78: 329.77604 | I78: 333.2439 | J78: 327.37708 | K78: 369.76755 | L78: 374.92888 | M78: 369.71895 | N78: 398.8812 | O78: 399.6818 | P78: 399.36042 | Q78: 1435.3288 | R78: 1434.4571 | S78: 1455.28 | T78: =Q78+R78+S78 -> 4325.0658 | U78: 1189.5689 | V78: 1350.1963 | W78: 1374.7312 | X78: =U78+V78+W78 -> 3914.4964
A79: 2017-05-14 | B79: -0.093360112 | C79: -0.013376077 | D79: -0.03266934 | E79: 41.208821 | F79: 40.915435 | G79: 41.238599 | H79: 330.11158 | I79: 333.88489 | J79: 328.65159 | K79: 370.1251 | L79: 375.02078 | M79: 370.02757 | N79: 398.87534 | O79: 399.50139 | P79: 399.45049 | Q79: 1368.3904 | R79: 1421.2638 | S79: 1443.0589 | T79: =Q79+R79+S79 -> 4232.7131 | U79: 1295.7393 | V79: 1332.2444 | W79: 1352.7856 | X79: =U79+V79+W79 -> 3980.7693
A80: 2017-05-15
A81: 2017-05-16 | B81: -0.080290092 | C81: -0.098299505 | D81: -0.06431284 | E81: 41.257707 | F81: 40.85893 | G81: 41.168823 | H81: 328.62793 | I81: 332.19686 | J81: 327.49768 | K81: 369.96173 | L81: 374.98327 | M81: 370.10262 | N81: 398.79408 | O81: 399.7546 | P81: 399.42949 | Q81: 1379.0458 | R81: 1409.5381 | S81: 1424.9534 | T81: =Q81+R81+S81 -> 4213.5373 | U81: 1307.7669 | V81: 1322.2093 | W81: 1339.0522 | X81: =U81+V81+W81 -> 3969.0285
A82: 2017-05-17 | B82: -0.028620839 | C82: -0.068435947 | D82: 0.0097007873 | E82: 41.242238 | F82: 40.968859 | G82: 41.236254 | H82: 329.52718 | I82: 331.90039 | J82: 327.14411 | K82: 369.88148 | L82: 375.02612 | M82: 370.01814 | N82: 398.80844 | O82: 399.64832 | P82: 399.40155 | Q82: 1443.9583 | R82: 1437.1622 | S82: 1441.5154 | T82: =Q82+R82+S82 -> 4322.6359 | U82: 1299.4899 | V82: 1344.0875 | W82: 1352.6943 | X82: =U82+V82+W82 -> 3996.2716
A83: 2017-05-18 | B83: -0.080767957 | C83: -0.10002519 | D83: -0.027218881 | E83: 41.19895 | F83: 41.069213 | G83: 41.259016 | H83: 329.95235 | I83: 329.63234 | J83: 326.41899 | K83: 369.92105 | L83: 374.98564 | M83: 369.91135 | N83: 398.87269 | O83: 399.60115 | P83: 399.45391 | Q83: 1430.4875 | R83: 1452.6658 | S83: 1442.0659 | T83: =Q83+R83+S83 -> 4325.2193 | U83: 1293.06 | V83: 1375.8167 | W83: 1360.9419 | X83: =U83+V83+W83 -> 4029.8187
A84: 2017-05-19 | B84: -0.069484124 | C84: -0.024935498 | D84: -0.0030120863 | E84: 41.184233 | F84: 40.964451 | G84: 41.276175 | H84: 329.09201 | I84: 330.75861 | J84: 326.14574 | K84: 369.97822 | L84: 375.00287 | M84: 370.12838 | N84: 398.79305 | O84: 399.57757 | P84: 399.55414 | Q84: 1421.4191 | R84: 1430.8962 | S84: 1446.1888 | T84: =Q84+R84+S84 -> 4298.5041 | U84: 1230.4041 | V84: 1350.5337 | W84: 1364.9164 | X84: =U84+V84+W84 -> 3945.8542
A85: 2017-05-20 | B85: 0.026622362 | C85: -0.041170597 | D85: -0.074532944 | E85: 41.138723 | F85: 40.942324 | G85: 41.260999 | H85: 328.96706 | I85: 333.6559 | J85: 327.65528 | K85: 370.09547 | L85: 375.01711 | M85: 370.14646 | N85: 398.59814 | O85: 399.69596 | P85: 399.4897 | Q85: 1288.9002 | R85: 1436.3623 | S85: 1443.5348 | T85: =Q85+R85+S85 -> 4168.7974 | U85: 1160.7224 | V85: 1336.0673 | W85: 1354.7368 | X85: =U85+V85+W85 -> 3851.5264
A86: 2017-05-21
A87: 2017-05-22
A88: 2017-05-23 | B88: -0.010412579 | C88: -0.034727872 | D88: 0.055177413 | E88: 41.252103 | F88: 40.976309 | G88: 41.187918 | H88: 330.57742 | I88: 332.31293 | J88: 329.65155 | K88: 370.46504 | L88: 374.99504 | M88: 370.33109 | N88: 399.04331 | O88: 399.81972 | P88: 399.68386 | Q88: 1390.2658 | R88: 1445.3358 | S88: 1439.6523 | T88: =Q88+R88+S88 -> 4275.2539 | U88: 1296.4475 | V88: 1353.76 | W88: 1337.5927 | X88: =U88+V88+W88 -> 3987.8002
A89: 2017-05-24 | B89: 0.0020345707 | C89: -0.065793192 | D89: -0.061847434 | E89: 41.174824 | F89: 40.946933 | G89: 41.297755 | H89: 330.2061 | I89: 333.80804 | J89: 328.31679 | K89: 369.56593 | L89: 375.06044 | M89: 369.78931 | N89: 398.95813 | O89: 399.8513 | P89: 399.75659 | Q89: 1436.3597 | R89: 1446.2537 | S89: 1462.0537 | T89: =Q89+R89+S89 -> 4344.6671 | U89: 1339.6756 | V89: 1343.9738 | W89: 1365.5427 | X89: =U89+V89+W89 -> 4049.1922
A90: 2017-05-25 | B90: -0.064132096 | C90: -0.062541524 | D90: 0.0076379009 | E90: 41.175289 | F90: 40.954707 | G90: 41.22352 | H90: 331.26279 | I90: 333.7199 | J90: 328.98686 | K90: 370.09902 | L90: 374.99 | M90: 369.9467 | N90: 398.97662 | O90: 399.87322 | P90: 399.87852 | Q90: 1376.8895 | R90: 1448.5929 | S90: 1451.5218 | T90: =Q90+R90+S90 -> 4277.0043 | U90: 1283.7263 | V90: 1346.3501 | W90: 1348.2011 | X90: =U90+V90+W90 -> 3978.2775
A91: 2017-05-26 | B91: -0.034720241 | C91: 0.06336646 | D91: -0.051977246 | E91: 41.201188 | F91: 40.944926 | G91: 41.218864 | H91: 330.28507 | I91: 332.5461 | J91: 328.08884 | K91: 370.19601 | L91: 375.09453 | M91: 370.17705 | N91: 398.91576 | O91: 399.75997 | P91: 399.86431 | Q91: 1438.1971 | R91: 1440.5102 | S91: 1441.2918 | T91: =Q91+R91+S91 -> 4319.9991 | U91: 1349.8367 | V91: 1348.7599 | W91: 1348.9913 | X91: =U91+V91+W91 -> 4047.588
A92: 2017-05-27 | B92: -0.053496011 | C92: -0.04504691 | D92: -0.044717017 | E92: 41.20412 | F92: 40.922746 | G92: 41.185202 | H92: 329.04472 | I92: 332.17193 | J92: 329.38622 | K92: 370.11106 | L92: 373.29102 | M92: 370.21799 | N92: 399.03511 | O92: 399.7866 | P92: 399.79261 | Q92: 1378.8358 | R92: 1436.4657 | S92: 1441.0882 | T92: =Q92+R92+S92 -> 4256.3897 | U92: 1237.0273 | V92: 1343.6925 | W92: 1337.0612 | X92: =U92+V92+W92 -> 3917.781
A93: 2017-05-28 | B93: -0.041083142 | C93: 0.21826238 | D93: -0.01855446 | E93: 41.164087 | F93: 40.703542 | G93: 41.143381 | H93: 331.00385 | I93: 330.06148 | J93: 330.17758 | K93: 370.17446 | L93: 365.17896 | M93: 370.08006 | N93: 398.94427 | O93: 393.2956 | P93: 399.87331 | Q93: 1437.2279 | R93: 1376.6883 | S93: 1439.1306 | T93: =Q93+R93+S93 -> 4253.0468 | U93: 1332.999 | V93: 1270.8629 | W93: 1324.9926 | X93: =U93+V93+W93 -> 3928.8545
A94: 2017-05-29 | B94: -0.041629722 | C94: -0.059617637 | D94: -0.06775422 | E94: 41.187312 | F94: 40.92288 | G94: 41.16405 | H94: 331.36096 | I94: 333.28316 | J94: 329.96695 | K94: 369.75478 | L94: 369.85711 | M94: 369.68638 | N94: 398.956 | O94: 399.86642 | P94: 399.91053 | Q94: 1441.5324 | R94: 1443.8685 | S94: 1444.7783 | T94: =Q94+R94+S94 -> 4330.1792 | U94: 1328.464 | V94: 1329.9394 | W94: 1328.9915 | X94: =U94+V94+W94 -> 3987.3949
A95: 2017-05-30 | B95: -0.024134002 | C95: -0.071900212 | D95: -0.049191395 | E95: 41.188413 | F95: 40.888456 | G95: 41.145906 | H95: 333.1889 | I95: 334.31263 | J95: 330.81734 | K95: 370.31636 | L95: 369.90453 | M95: 370.40271 | N95: 399.46529 | O95: 399.29335 | P95: 399.97897 | Q95: 1452.6925 | R95: 1438.6352 | S95: 1442.5742 | T95: =Q95+R95+S95 -> 4333.9018 | U95: 1334.3469 | V95: 1316.5165 | W95: 1320.5609 | X95: =U95+V95+W95 -> 3971.4243
A96: 2017-05-31 | B96: -0.01086259 | C96: -0.11703544 | D96: -0.023889026 | E96: 41.198522 | F96: 40.98738 | G96: 41.21333 | H96: 332.1555 | I96: 334.29608 | J96: 330.5656 | K96: 369.62933 | L96: 369.99908 | M96: 369.93496 | N96: 399.40187 | O96: 399.79469 | P96: 399.85646 | Q96: 1439.7684 | R96: 1444.0611 | S96: 1445.8711 | T96: =Q96+R96+S96 -> 4329.7005 | U96: 1307.0875 | V96: 1298.4284 | W96: 1311.1041 | X96: =U96+V96+W96 -> 3916.6201
A97: 2017-06-01 | B97: -0.02921252 | C97: -0.11519975 | D97: -0.047078428 | E97: 41.188745 | F97: 40.916593 | G97: 41.133346 | H97: 331.82732 | I97: 332.83114 | J97: 330.04144 | K97: 369.97183 | L97: 369.99092 | M97: 369.72977 | N97: 399.28978 | O97: 399.74381 | P97: 399.90813 | Q97: 1449.5513 | R97: 1448.9398 | S97: 1451.1829 | T97: =Q97+R97+S97 -> 4349.674 | U97: 1335.1923 | V97: 1334.8213 | W97: 1320.0749 | X97: =U97+V97+W97 -> 3990.0884
A98: 2017-06-02 | B98: -0.019661947 | C98: -0.016584603 | D98: -0.027517031 | E98: 41.120685 | F98: 40.894931 | G98: 41.144166 | H98: 331.66622 | I98: 331.20835 | J98: 330.54888 | K98: 369.90527 | L98: 369.9708 | M98: 370.1257 | N98: 399.09549 | O98: 399.74889 | P98: 399.9627 | Q98: 1430.8098 | R98: 1440.3155 | S98: 1449.1002 | T98: =Q98+R98+S98 -> 4320.2255 | U98: 1321.5884 | V98: 1329.1816 | W98: 1324.9511 | X98: =U98+V98+W98 -> 3975.7211
A99: 2017-06-03 | B99: -0.026190645 | C99: -0.039792956 | D99: -0.098745411 | E99: 41.236351 | F99: 40.91292 | G99: 41.21693 | H99: 329.97848 | I99: 330.91333 | J99: 330.59349 | K99: 369.83249 | L99: 369.99519 | M99: 369.96985 | N99: 399.12659 | O99: 399.83527 | P99: 399.91824 | Q99: 1446.8597 | R99: 1442.7545 | S99: 1463.3105 | T99: =Q99+R99+S99 -> 4352.9246 | U99: 1233.6697 | V99: 1330.7183 | W99: 1337.1012 | X99: =U99+V99+W99 -> 3901.4892
... A106: 2017-06-10 | B106: 0.018623508 | C106: -0.0051958559 | D106: -0.083043989 | E106: 41.016848 | F106: 40.862198 | G106: 41.046351 | H106: 333.78272 | I106: 329.74089 | J106: 332.27718 | K106: 370.2247 | L106: 369.93621 | M106: 370.11602 | N106: 399.0632 | O106: 399.69075 | P106: 400.01835 | Q106: 1354.5585 | R106: 1429.0464 | S106: 1435.1052 | T106: =Q106+R106+S106 -> 4218.7101 | U106: 1239.2787 | V106: 1314.6488 | W106: 1294.4579 | X106: =U106+V106+W106 -> 3848.3855
A107: 2017-06-11
A108: 2017-06-12 | B108: -0.037194014 | C108: -0.034789815 | D108: -0.0011247864 | E108: 41.21068 | F108: 40.868631 | G108: 41.074811 | H108: 331.59735 | I108: 330.99017 | J108: 331.54218 | K108: 370.06723 | L108: 369.9979 | M108: 370.49857 | N108: 399.06252 | O108: 399.81601 | P108: 399.96914 | Q108: 1448.8222 | R108: 1434.757 | S108: 1438.1558 | T108: =Q108+R108+S108 -> 4321.7351 | U108: 1337.7035 | V108: 1308.7258 | W108: 1303.638 | X108: =U108+V108+W108 -> 3950.0674
A109: 2017-06-13 | B109: -0.049999967 | C109: -0.0063658435 | D109: -0.074039236 | E109: 41.295641 | F109: 40.95304 | G109: 41.153136 | H109: 329.67356 | I109: 330.30115 | J109: 330.87966 | K109: 369.91471 | L109: 369.96209 | M109: 369.82701 | N109: 399.03622 | O109: 399.79995 | P109: 399.96814 | Q109: 1398.9853 | R109: 1450.2421 | S109: 1453.5664 | T109: =Q109+R109+S109 -> 4302.7938 | U109: 1302.865 | V109: 1332.8595 | W109: 1318.2425 | X109: =U109+V109+W109 -> 3953.9669
A110: 2017-06-14 | B110: -0.0011127955 | C110: -0.042942744 | D110: -0.11003355 | E110: 41.143421 | F110: 40.87683 | G110: 41.09989 | H110: 331.33837 | I110: 332.23141 | J110: 332.03 | K110: 370.05637 | L110: 369.94839 | M110: 370.00931 | N110: 399.11293 | O110: 399.76331 | P110: 399.92322 | Q110: 1437.3738 | R110: 1441.5916 | S110: 1447.2578 | T110: =Q110+R110+S110 -> 4326.2232 | U110: 1328.4932 | V110: 1309.2178 | W110: 1304.3955 | X110: =U110+V110+W110 -> 3942.1065
A111: 2017-06-15 | B111: -0.00072231419 | C111: -0.035458999 | D111: -0.026013815 | E111: 41.136638 | F111: 40.823949 | G111: 41.01787 | H111: 331.39345 | I111: 332.61439 | J111: 331.09758 | K111: 370.12055 | L111: 369.9922 | M111: 369.90693 | N111: 399.04098 | O111: 399.81304 | P111: 399.85898 | Q111: 1369.4718 | R111: 1427.8941 | S111: 1425.2815 | T111: =Q111+R111+S111 -> 4222.6474 | U111: 1162.168 | V111: 1295.9773 | W111: 1289.8006 | X111: =U111+V111+W111 -> 3747.9459
A112: 2017-06-16 | B112: -0.042887888 | C112: -0.030167944 | D112: -0.12401249 | E112: 41.163827 | F112: 40.877487 | G112: 41.174965 | H112: 332.57104 | I112: 332.12606 | J112: 332.17876 | K112: 369.84773 | L112: 369.99178 | M112: 370.08651 | N112: 399.20417 | O112: 399.78553 | P112: 399.85327 | Q112: 1443.095 | R112: 1436.7231 | S112: 1467.308 | T112: =Q112+R112+S112 -> 4347.1261 | U112: 1327.2422 | V112: 1305.5978 | W112: 1316.1431 | X112: =U112+V112+W112 -> 3948.9832
A113: 2017-06-17 | B113: -0.059439643 | C113: -0.018158782 | D113: -0.062099454 | E113: 41.194445 | F113: 40.881295 | G113: 41.108592 | H113: 331.18065 | I113: 332.36995 | J113: 331.39513 | K113: 370.08076 | L113: 370.1867 | M113: 370.31204 | N113: 399.2702 | O113: 399.8271 | P113: 399.97978 | Q113: 1324.5162 | R113: 1444.492 | S113: 1446.5969 | T113: =Q113+R113+S113 -> 4215.6051 | U113: 1230.6343 | V113: 1307.077 | W113: 1305.3096 | X113: =U113+V113+W113 -> 3843.0209
A114: 2017-06-18
A115: 2017-06-19 | B115: -0.033993399 | C115: -0.07509062 | D115: -0.036364303 | E115: 41.207364 | F115: 40.942502 | G115: 41.183095 | H115: 331.10366 | I115: 330.25875 | J115: 330.41446 | K115: 370.2136 | L115: 369.99262 | M115: 370.16264 | N115: 399.29358 | O115: 399.67061 | P115: 399.94767 | Q115: 1445.5333 | R115: 1448.8941 | S115: 1458.2683 | T115: =Q115+R115+S115 -> 4352.6956 | U115: 1344.0837 | V115: 1327.4072 | W115: 1323.0137 | X115: =U115+V115+W115 -> 3994.5046
A116: 2017-06-20 | B116: 0.011199613 | C116: 0.014405952 | D116: -0.080757265 | E116: 41.12995 | F116: 40.849532 | G116: 41.113534 | H116: 331.28841 | I116: 331.48361 | J116: 330.92961 | K116: 369.98234 | L116: 370.32811 | M116: 370.05079 | N116: 399.1813 | O116: 399.82222 | P116: 399.87386 | Q116: 1369.8655 | R116: 1436.2459 | S116: 1446.3341 | T116: =Q116+R116+S116 -> 4252.4455 | U116: 1267.3707 | V116: 1303.9256 | W116: 1310.8414 | X116: =U116+V116+W116 -> 3882.1376
A117: 2017-06-21 | B117: -0.034485048 | C117: -0.053363547 | D117: -0.05685697 | E117: 41.142427 | F117: 40.868668 | G117: 41.123305 | H117: 332.15485 | I117: 332.72642 | J117: 331.6756 | K117: 369.89192 | L117: 369.72234 | M117: 369.82044 | N117: 399.26093 | O117: 399.85795 | P117: 399.99754 | Q117: 1436.295 | R117: 1441.4618 | S117: 1450.8556 | T117: =Q117+R117+S117 -> 4328.6124 | U117: 1268.7965 | V117: 1300.6197 | W117: 1310.64 | X117: =U117+V117+W117 -> 3880.0562
A118: 2017-06-22 | B118: -0.027442739 | C118: 0.010509034 | D118: -0.09681804 | E118: 41.107214 | F118: 40.893511 | G118: 41.133283 | H118: 331.16191 | I118: 331.82304 | J118: 331.03109 | K118: 369.76589 | L118: 369.87143 | M118: 370.01038 | N118: 399.13764 | O118: 399.82344 | P118: 399.90115 | Q118: 1426.345 | R118: 1445.0838 | S118: 1450.6582 | T118: =Q118+R118+S118 -> 4322.087 | U118: 1322.2004 | V118: 1314.2473 | W118: 1316.3783 | X118: =U118+V118+W118 -> 3952.826
A119: 2017-06-23 | B119: -0.085320188 | C119: -0.070359965 | D119: 0.050453362 | E119: 41.101161 | F119: 40.873771 | G119: 41.132463 | H119: 328.32467 | I119: 330.4609 | J119: 329.54414 | K119: 369.84767 | L119: 369.97555 | M119: 370.01624 | N119: 398.91445 | O119: 399.84193 | P119: 399.9757 | Q119: 1421.2117 | R119: 1439.59 | S119: 1447.0493 | T119: =Q119+R119+S119 -> 4307.851 | U119: 1336.3556 | V119: 1313.028 | W119: 1320.2292 | X119: =U119+V119+W119 -> 3969.6127
A120: 2017-06-24 | B120: -0.050902379 | C120: -0.071661984 | D120: -0.027788547 | E120: 41.147874 | F120: 40.860798 | G120: 41.167886 | H120: 328.11533 | I120: 329.35368 | J120: 329.81427 | K120: 369.96431 | L120: 370.09579 | M120: 369.80669 | N120: 398.9529 | O120: 399.82632 | P120: 399.96533 | Q120: 1426.4684 | R120: 1435.4877 | S120: 1452.7049 | T120: =Q120+R120+S120 -> 4314.661 | U120: 1345.7101 | V120: 1310.7919 | W120: 1325.4578 | X120: =U120+V120+W120 -> 3981.9598
A121: 2017-06-25
A122: 2017-06-26 | B122: -0.021134968 | C122: 0.020432204 | D122: -0.017132206 | E122: 41.136413 | F122: 40.866223 | G122: 41.132682 | H122: 331.69937 | I122: 331.15316 | J122: 332.04838 | K122: 370.40648 | L122: 369.97033 | M122: 370.31911 | N122: 398.98886 | O122: 399.73228 | P122: 399.97033 | Q122: 1427.856 | R122: 1447.593 | S122: 1452.795 | T122: =Q122+R122+S122 -> 4328.244 | U122: 1267.6393 | V122: 1308.1712 | W122: 1313.3728 | X122: =U122+V122+W122 -> 3889.1834
...

Sheet 鍋爐熱負荷及熱值變化
B1: 投入量 | E1: 熱值 | H1: 鍋爐負荷
B2: 一號爐 | C2: 二號爐 | D2: 三號爐 | E2: 一號爐 | F2: 二號爐 | G2: 三號爐 | H2: 一號爐 | I2: 二號爐 | J2: 三號爐
A3: {=INDEX(工作表1!A$6:A$3430,ROW(A1)*7)} -> 2017-03-07 | B3: =AVERAGE(OFFSET(工作表1!B$6,(ROW(A1)-1)*7,0,7,1)) -> 402.86195 | C3: =AVERAGE(OFFSET(工作表1!C$6,(ROW(B1)-1)*7,0,7,1)) -> 404.85038 | D3: =AVERAGE(OFFSET(工作表1!D$6,(ROW(C1)-1)*7,0,7,1)) -> 282.79063 | E3: =AVERAGE(OFFSET(工作表1!E$6,(ROW(D1)-1)*7,0,7,1)) -> 2557.961 | F3: =AVERAGE(OFFSET(工作表1!F$6,(ROW(E1)-1)*7,0,7,1)) -> 2536.8682 | G3: =AVERAGE(OFFSET(工作表1!G$6,(ROW(F1)-1)*7,0,7,1)) -> 1816.0002 | H3: =(B3*E3)/(2400*450) -> 0.95417146 | I3: =(C3*F3)/(2400*450) -> 0.95097413 | J3: =(D3*G3)/(2400*450) -> 0.47550727
A4: {=INDEX(工作表1!A$6:A$3430,ROW(A2)*7)} -> 2017-03-14 | B4: =AVERAGE(OFFSET(工作表1!B$6,(ROW(A2)-1)*7,0,7,1)) -> 407.20795 | C4: =AVERAGE(OFFSET(工作表1!C$6,(ROW(B2)-1)*7,0,7,1)) -> 406.11238 | D4: =AVERAGE(OFFSET(工作表1!D$6,(ROW(C2)-1)*7,0,7,1)) -> 388.74853 | E4: =AVERAGE(OFFSET(工作表1!E$6,(ROW(D2)-1)*7,0,7,1)) -> 2496.0276 | F4: =AVERAGE(OFFSET(工作表1!F$6,(ROW(E2)-1)*7,0,7,1)) -> 2514.5859 | G4: =AVERAGE(OFFSET(工作表1!G$6,(ROW(F2)-1)*7,0,7,1)) -> 2619.5682 | H4: =(B4*E4)/(2400*450) -> 0.94111325 | I4: =(C4*F4)/(2400*450) -> 0.9455597 | J4: =(D4*G4)/(2400*450) -> 0.94291969
A5: {=INDEX(工作表1!A$6:A$3430,ROW(A3)*7)} -> 2017-03-21 | B5: =AVERAGE(OFFSET(工作表1!B$6,(ROW(A3)-1)*7,0,7,1)) -> 410.64709 | C5: =AVERAGE(OFFSET(工作表1!C$6,(ROW(B3)-1)*7,0,7,1)) -> 405.62953 | D5: =AVERAGE(OFFSET(工作表1!D$6,(ROW(C3)-1)*7,0,7,1)) -> 400.23167 | E5: =AVERAGE(OFFSET(工作表1!E$6,(ROW(D3)-1)*7,0,7,1)) -> 2506.72 | F5: =AVERAGE(OFFSET(工作表1!F$6,(ROW(E3)-1)*7,0,7,1)) -> 2500.7166 | G5: =AVERAGE(OFFSET(工作表1!G$6,(ROW(F3)-1)*7,0,7,1)) -> 2550.4193 | H5: =(B5*E5)/(2400*450) -> 0.95312711 | I5: =(C5*F5)/(2400*450) -> 0.93922638 | J5: =(D5*G5)/(2400*450) -> 0.9451468
A6: {=INDEX(工作表1!A$6:A$3430,ROW(A4)*7)} -> 2017-03-28 | B6: =AVERAGE(OFFSET(工作表1!B$6,(ROW(A4)-1)*7,0,7,1)) -> 427.54192 | C6: =AVERAGE(OFFSET(工作表1!C$6,(ROW(B4)-1)*7,0,7,1)) -> 426.32652 | D6: =AVERAGE(OFFSET(工作表1!D$6,(ROW(C4)-1)*7,0,7,1)) -> 425.94178 | E6: =AVERAGE(OFFSET(工作表1!E$6,(ROW(D4)-1)*7,0,7,1)) -> 2349.8864 | F6: =AVERAGE(OFFSET(工作表1!F$6,(ROW(E4)-1)*7,0,7,1)) -> 2348.2273 | G6: =AVERAGE(OFFSET(工作表1!G$6,(ROW(F4)-1)*7,0,7,1)) -> 2361.6559 | H6: =(B6*E6)/(2400*450) -> 0.93025459 | I6: =(C6*F6)/(2400*450) -> 0.92695519 | J6: =(D6*G6)/(2400*450) -> 0.93141473
A7: {=INDEX(工作表1!A$6:A$3430,ROW(A5)*7)} -> 2017-04-04 | B7: =AVERAGE(OFFSET(工作表1!B$6,(ROW(A5)-1)*7,0,7,1)) -> 413.74891 | C7: =AVERAGE(OFFSET(工作表1!C$6,(ROW(B5)-1)*7,0,7,1)) -> 418.73674 | D7: =AVERAGE(OFFSET(工作表1!D$6,(ROW(C5)-1)*7,0,7,1)) -> 312.36903 | E7: =AVERAGE(OFFSET(工作表1!E$6,(ROW(D5)-1)*7,0,7,1)) -> 2485.4125 | F7: =AVERAGE(OFFSET(工作表1!F$6,(ROW(E5)-1)*7,0,7,1)) -> 2438.3312 | G7: =AVERAGE(OFFSET(工作表1!G$6,(ROW(F5)-1)*7,0,7,1)) -> 1627.4894 | H7: =(B7*E7)/(2400*450) -> 0.95216362 | I7: =(C7*F7)/(2400*450) -> 0.94538785 | J7: =(D7*G7)/(2400*450) -> 0.47071971
A8: {=INDEX(工作表1!A$6:A$3430,ROW(A6)*7)} -> 2017-04-11 | B8: =AVERAGE(OFFSET(工作表1!B$6,(ROW(A6)-1)*7,0,7,1)) -> 324.67554 | C8: =AVERAGE(OFFSET(工作表1!C$6,(ROW(B6)-1)*7,0,7,1)) -> 423.71357 | D8: =AVERAGE(OFFSET(工作表1!D$6,(ROW(C6)-1)*7,0,7,1)) -> 0 | E8: =AVERAGE(OFFSET(工作表1!E$6,(ROW(D6)-1)*7,0,7,1)) -> 1547.8438 | F8: =AVERAGE(OFFSET(工作表1!F$6,(ROW(E6)-1)*7,0,7,1)) -> 2381.688 | G8: =AVERAGE(OFFSET(工作表1!G$6,(ROW(F6)-1)*7,0,7,1)) -> 0 | H8: =(B8*E8)/(2400*450) -> 0.46532132 | I8: =(C8*F8)/(2400*450) -> 0.93440142 | J8: =(D8*G8)/(2400*450) -> 0
A9: {=INDEX(工作表1!A$6:A$3430,ROW(A7)*7)} -> 2017-04-18 | B9: =AVERAGE(OFFSET(工作表1!B$6,(ROW(A7)-1)*7,0,7,1)) -> 0.69237163 | C9: =AVERAGE(OFFSET(工作表1!C$6,(ROW(B7)-1)*7,0,7,1)) -> 307.15957 | D9: =AVERAGE(OFFSET(工作表1!D$6,(ROW(C7)-1)*7,0,7,1)) -> 0.90387164 | E9: =AVERAGE(OFFSET(工作表1!E$6,(ROW(D7)-1)*7,0,7,1)) -> 0 | F9: =AVERAGE(OFFSET(工作表1!F$6,(ROW(E7)-1)*7,0,7,1)) -> 1988.3355 | G9: =AVERAGE(OFFSET(工作表1!G$6,(ROW(F7)-1)*7,0,7,1)) -> 0 | H9: =(B9*E9)/(2400*450) -> 0 | I9: =(C9*F9)/(2400*450) -> 0.56549656 | J9: =(D9*G9)/(2400*450) -> 0
A10: {=INDEX(工作表1!A$6:A$3430,ROW(A8)*7)} -> 2017-04-25 | B10: =AVERAGE(OFFSET(工作表1!B$6,(ROW(A8)-1)*7,0,7,1)) -> 200.17314 | C10: =AVERAGE(OFFSET(工作表1!C$6,(ROW(B8)-1)*7,0,7,1)) -> 0 | D10: =AVERAGE(OFFSET(工作表1!D$6,(ROW(C8)-1)*7,0,7,1)) -> 219.07794 | E10: =AVERAGE(OFFSET(工作表1!E$6,(ROW(D8)-1)*7,0,7,1)) -> 1507.3734 | F10: =AVERAGE(OFFSET(工作表1!F$6,(ROW(E8)-1)*7,0,7,1)) -> 0 | G10: =AVERAGE(OFFSET(工作表1!G$6,(ROW(F8)-1)*7,0,7,1)) -> 1266.2882 | H10: =(B10*E10)/(2400*450) -> 0.27938488 | I10: =(C10*F10)/(2400*450) -> 0 | J10: =(D10*G10)/(2400*450) -> 0.2568665
A11: {=INDEX(工作表1!A$6:A$3430,ROW(A9)*7)} -> 2017-05-02 | B11: =AVERAGE(OFFSET(工作表1!B$6,(ROW(A9)-1)*7,0,7,1)) -> 435.59741 | C11: =AVERAGE(OFFSET(工作表1!C$6,(ROW(B9)-1)*7,0,7,1)) -> 264.74466 | D11: =AVERAGE(OFFSET(工作表1!D$6,(ROW(C9)-1)*7,0,7,1)) -> 439.43424 | E11: =AVERAGE(OFFSET(工作表1!E$6,(ROW(D9)-1)*7,0,7,1)) -> 2347.8102 | F11: =AVERAGE(OFFSET(工作表1!F$6,(ROW(E9)-1)*7,0,7,1)) -> 1536.9113 | G11: =AVERAGE(OFFSET(工作表1!G$6,(ROW(F9)-1)*7,0,7,1)) -> 2306.8792 | H11: =(B11*E11)/(2400*450) -> 0.94694446 | I11: =(C11*F11)/(2400*450) -> 0.37674912 | J11: =(D11*G11)/(2400*450) -> 0.93863122
A12: {=INDEX(工作表1!A$6:A$3430,ROW(A10)*7)} -> 2017-05-09 | B12: =AVERAGE(OFFSET(工作表1!B$6,(ROW(A10)-1)*7,0,7,1)) -> 431.25241 | C12: =AVERAGE(OFFSET(工作表1!C$6,(ROW(B10)-1)*7,0,7,1)) -> 429.6704 | D12: =AVERAGE(OFFSET(工作表1!D$6,(ROW(C10)-1)*7,0,7,1)) -> 429.68307 | E12: =AVERAGE(OFFSET(工作表1!E$6,(ROW(D10)-1)*7,0,7,1)) -> 2337.4521 | F12: =AVERAGE(OFFSET(工作表1!F$6,(ROW(E10)-1)*7,0,7,1)) -> 2323.8266 | G12: =AVERAGE(OFFSET(工作表1!G$6,(ROW(F10)-1)*7,0,7,1)) -> 2356.6901 | H12: =(B12*E12)/(2400*450) -> 0.93336283 | I12: =(C12*F12)/(2400*450) -> 0.92451808 | J12: =(D12*G12)/(2400*450) -> 0.93762022
A13: {=INDEX(工作表1!A$6:A$3430,ROW(A11)*7)} -> 2017-05-16 | B13: =AVERAGE(OFFSET(工作表1!B$6,(ROW(A11)-1)*7,0,7,1)) -> 424.12041 | C13: =AVERAGE(OFFSET(工作表1!C$6,(ROW(B11)-1)*7,0,7,1)) -> 426.03691 | D13: =AVERAGE(OFFSET(工作表1!D$6,(ROW(C11)-1)*7,0,7,1)) -> 426.18341 | E13: =AVERAGE(OFFSET(工作表1!E$6,(ROW(D11)-1)*7,0,7,1)) -> 2350.7352 | F13: =AVERAGE(OFFSET(工作表1!F$6,(ROW(E11)-1)*7,0,7,1)) -> 2329.8974 | G13: =AVERAGE(OFFSET(工作表1!G$6,(ROW(F11)-1)*7,0,7,1)) -> 2367.8023 | H13: =(B13*E13)/(2400*450) -> 0.92314329 | I13: =(C13*F13)/(2400*450) -> 0.91909469 | J13: =(D13*G13)/(2400*450) -> 0.93436857
A14: {=INDEX(工作表1!A$6:A$3430,ROW(A12)*7)} -> 2017-05-23 | B14: =AVERAGE(OFFSET(工作表1!B$6,(ROW(A12)-1)*7,0,7,1)) -> 428.58084 | C14: =AVERAGE(OFFSET(工作表1!C$6,(ROW(B12)-1)*7,0,7,1)) -> 425.99724 | D14: =AVERAGE(OFFSET(工作表1!D$6,(ROW(C12)-1)*7,0,7,1)) -> 427.71484 | E14: =AVERAGE(OFFSET(工作表1!E$6,(ROW(D12)-1)*7,0,7,1)) -> 2352.5738 | F14: =AVERAGE(OFFSET(工作表1!F$6,(ROW(E12)-1)*7,0,7,1)) -> 2390.006 | G14: =AVERAGE(OFFSET(工作表1!G$6,(ROW(F12)-1)*7,0,7,1)) -> 2393.0357 | H14: =(B14*E14)/(2400*450) -> 0.93358154 | I14: =(C14*F14)/(2400*450) -> 0.94271848 | J14: =(D14*G14)/(2400*450) -> 0.94771933
... A491: {=INDEX(工作表1!A$6:A$3430,ROW(A489)*7)} -> 2026-07-14 | B491: =AVERAGE(OFFSET(工作表1!B$6,(ROW(A489)-1)*7,0,7,1)) -> 220.65286 | C491: =AVERAGE(OFFSET(工作表1!C$6,(ROW(B489)-1)*7,0,7,1)) -> 368.86143 | D491: =AVERAGE(OFFSET(工作表1!D$6,(ROW(C489)-1)*7,0,7,1)) -> 386.14571 | E491: =AVERAGE(OFFSET(工作表1!E$6,(ROW(D489)-1)*7,0,7,1)) -> 1857.0857 | F491: =AVERAGE(OFFSET(工作表1!F$6,(ROW(E489)-1)*7,0,7,1)) -> 2524.2714 | G491: =AVERAGE(OFFSET(工作表1!G$6,(ROW(F489)-1)*7,0,7,1)) -> 2480.9429 | H491: =(B491*E491)/(2400*450) -> 0.37941784 | I491: =(C491*F491)/(2400*450) -> 0.86213552 | J491: =(D491*G491)/(2400*450) -> 0.88704208
